source_row_id,original_query,query,ground_truth,generation_type,lexical_cues_removed,paraphrase_family,confusable_with,ground_truth_tool,class_id,predicted_tool,correct,rank,top5_tools
-1,,Query payment-api-03 to see if it's still alive.,check_status,confusable_intent,,,query_database,check_status,12,check_status,True,1,check_status;db_read;process_refund;log_audit_event;scan_malware
-1,,Look up how staging-db-02 is performing.,check_status,confusable_intent,,,query_database,check_status,12,db_read,False,5,db_read;generate_report;db_write;provision_vm;check_status
-1,,Scan payment-api-03 -- is it healthy?,check_status,confusable_intent,,,scan_malware,check_status,12,scan_malware,False,2,scan_malware;check_status;db_read;log_audit_event;process_refund
-1,,Look up how cdn-edge-06 is performing.,check_status,confusable_intent,,,query_database,check_status,12,generate_report,False,2,generate_report;check_status;scan_malware;db_read;send_notification
-1,,Query auth-svc-04 to see if it's still alive.,check_status,confusable_intent,,,query_database,check_status,12,check_status,True,1,check_status;log_audit_event;db_read;reset_password;scan_malware
-1,,Look up how auth-svc-04 is performing.,check_status,confusable_intent,,,query_database,check_status,12,log_audit_event,False,2,log_audit_event;check_status;scan_malware;reset_password;db_read
-1,,Look up how prod-web-01 is performing.,check_status,confusable_intent,,,query_database,check_status,12,scan_malware,False,2,scan_malware;check_status;quarantine_system;db_read;restart_service
-1,,Look up how payment-api-03 is performing.,check_status,confusable_intent,,,query_database,check_status,12,check_status,True,1,check_status;scan_malware;db_read;process_refund;quarantine_system
-1,,Look up how ml-infer-05 is performing.,check_status,confusable_intent,,,query_database,check_status,12,generate_report,False,4,generate_report;db_read;scan_malware;check_status;send_notification
-1,,Scan auth-svc-04 -- is it healthy?,check_status,confusable_intent,,,scan_malware,check_status,12,scan_malware,False,3,scan_malware;log_audit_event;check_status;reset_password;db_read
-1,,Query prod-web-01 to see if it's still alive.,check_status,confusable_intent,,,query_database,check_status,12,db_read,False,2,db_read;check_status;scan_malware;restart_service;quarantine_system
-1,,Scan staging-db-02 -- is it healthy?,check_status,confusable_intent,,,scan_malware,check_status,12,db_read,False,5,db_read;db_write;generate_report;scan_malware;check_status
-1,,Query staging-db-02 to see if it's still alive.,check_status,confusable_intent,,,query_database,check_status,12,db_read,False,2,db_read;check_status;db_write;generate_report;log_audit_event
-1,,Scan ml-infer-05 -- is it healthy?,check_status,confusable_intent,,,scan_malware,check_status,12,scan_malware,False,3,scan_malware;db_read;check_status;generate_report;db_write
-1,,Scan prod-web-01 -- is it healthy?,check_status,confusable_intent,,,scan_malware,check_status,12,scan_malware,False,2,scan_malware;check_status;quarantine_system;db_read;generate_report
-1,,Query ml-infer-05 to see if it's still alive.,check_status,confusable_intent,,,query_database,check_status,12,db_read,False,2,db_read;check_status;scan_malware;generate_report;db_write
-1,,Scan cdn-edge-06 -- is it healthy?,check_status,confusable_intent,,,scan_malware,check_status,12,scan_malware,False,2,scan_malware;check_status;db_read;generate_report;send_notification
-1,,Query cdn-edge-06 to see if it's still alive.,check_status,confusable_intent,,,query_database,check_status,12,check_status,True,1,check_status;db_read;scan_malware;generate_report;quarantine_system
-1,,Scan payment-api-03 -- is it healthy?,check_status,confusable_intent,,,scan_malware,check_status,12,scan_malware,False,2,scan_malware;check_status;db_read;log_audit_event;process_refund
-1,,Scan prod-web-01 -- is it healthy?,check_status,confusable_intent,,,scan_malware,check_status,12,scan_malware,False,2,scan_malware;check_status;quarantine_system;db_read;generate_report
-1,,Query cdn-edge-06 to see if it's still alive.,check_status,confusable_intent,,,query_database,check_status,12,check_status,True,1,check_status;db_read;scan_malware;generate_report;quarantine_system
-1,,Look up how cdn-edge-06 is performing.,check_status,confusable_intent,,,query_database,check_status,12,generate_report,False,2,generate_report;check_status;scan_malware;db_read;send_notification
-1,,Scan prod-web-01 -- is it healthy?,check_status,confusable_intent,,,scan_malware,check_status,12,scan_malware,False,2,scan_malware;check_status;quarantine_system;db_read;generate_report
-1,,Scan cdn-edge-06 -- is it healthy?,check_status,confusable_intent,,,scan_malware,check_status,12,scan_malware,False,2,scan_malware;check_status;db_read;generate_report;send_notification
-1,,Look up how prod-web-01 is performing.,check_status,confusable_intent,,,query_database,check_status,12,scan_malware,False,2,scan_malware;check_status;quarantine_system;db_read;restart_service
-1,,Scan payment-api-03 -- is it healthy?,check_status,confusable_intent,,,scan_malware,check_status,12,scan_malware,False,2,scan_malware;check_status;db_read;log_audit_event;process_refund
-1,,Query payment-api-03 to see if it's still alive.,check_status,confusable_intent,,,query_database,check_status,12,check_status,True,1,check_status;db_read;process_refund;log_audit_event;scan_malware
-1,,Scan cdn-edge-06 -- is it healthy?,check_status,confusable_intent,,,scan_malware,check_status,12,scan_malware,False,2,scan_malware;check_status;db_read;generate_report;send_notification
-1,,Query payment-api-03 to see if it's still alive.,check_status,confusable_intent,,,query_database,check_status,12,check_status,True,1,check_status;db_read;process_refund;log_audit_event;scan_malware
-1,,Query prod-web-01 to see if it's still alive.,check_status,confusable_intent,,,query_database,check_status,12,db_read,False,2,db_read;check_status;scan_malware;restart_service;quarantine_system
-1,,Notify the team by creating a formal issue for cdn-edge-06.,create_ticket,confusable_intent,,,send_notification,create_ticket,3,send_notification,False,2,send_notification;create_ticket;provision_vm;generate_report;escalate_to_human
-1,,Log Diana's complaint so we can follow up.,create_ticket,confusable_intent,,,log_audit_event,create_ticket,3,create_ticket,True,1,create_ticket;escalate_to_human;log_audit_event;generate_report;send_notification
-1,,Log Frank's complaint so we can follow up.,create_ticket,confusable_intent,,,log_audit_event,create_ticket,3,create_ticket,True,1,create_ticket;escalate_to_human;send_notification;log_audit_event;generate_report
-1,,Send a record of this problem to the tracking system.,create_ticket,confusable_intent,,,send_notification,create_ticket,3,create_ticket,True,1,create_ticket;generate_report;db_write;send_notification;process_refund
-1,,Notify the team by creating a formal issue for ml-infer-05.,create_ticket,confusable_intent,,,send_notification,create_ticket,3,send_notification,False,2,send_notification;create_ticket;provision_vm;generate_report;escalate_to_human
-1,,Notify the team by creating a formal issue for payment-api-03.,create_ticket,confusable_intent,,,send_notification,create_ticket,3,send_notification,False,2,send_notification;create_ticket;provision_vm;escalate_to_human;process_refund
-1,,Log Grace's complaint so we can follow up.,create_ticket,confusable_intent,,,log_audit_event,create_ticket,3,log_audit_event,False,2,log_audit_event;create_ticket;reset_password;generate_report;escalate_to_human
-1,,Notify the team by creating a formal issue for staging-db-02.,create_ticket,confusable_intent,,,send_notification,create_ticket,3,create_ticket,True,1,create_ticket;provision_vm;send_notification;db_write;generate_report
-1,,Notify the team by creating a formal issue for auth-svc-04.,create_ticket,confusable_intent,,,send_notification,create_ticket,3,create_ticket,True,1,create_ticket;log_audit_event;send_notification;reset_password;generate_report
-1,,Notify the team by creating a formal issue for prod-web-01.,create_ticket,confusable_intent,,,send_notification,create_ticket,3,send_notification,False,2,send_notification;create_ticket;provision_vm;escalate_to_human;quarantine_system
-1,,Log Charlie's complaint so we can follow up.,create_ticket,confusable_intent,,,log_audit_event,create_ticket,3,create_ticket,True,1,create_ticket;escalate_to_human;send_notification;generate_report;log_audit_event
-1,,Log Eve's complaint so we can follow up.,create_ticket,confusable_intent,,,log_audit_event,create_ticket,3,create_ticket,True,1,create_ticket;generate_report;log_audit_event;escalate_to_human;send_notification
-1,,Log Bob's complaint so we can follow up.,create_ticket,confusable_intent,,,log_audit_event,create_ticket,3,create_ticket,True,1,create_ticket;log_audit_event;process_refund;escalate_to_human;generate_report
-1,,Log Alice's complaint so we can follow up.,create_ticket,confusable_intent,,,log_audit_event,create_ticket,3,create_ticket,True,1,create_ticket;log_audit_event;escalate_to_human;generate_report;process_refund
-1,,Log Bob's complaint so we can follow up.,create_ticket,confusable_intent,,,log_audit_event,create_ticket,3,create_ticket,True,1,create_ticket;log_audit_event;process_refund;escalate_to_human;generate_report
-1,,Log Diana's complaint so we can follow up.,create_ticket,confusable_intent,,,log_audit_event,create_ticket,3,create_ticket,True,1,create_ticket;escalate_to_human;log_audit_event;generate_report;send_notification
-1,,Log Eve's complaint so we can follow up.,create_ticket,confusable_intent,,,log_audit_event,create_ticket,3,create_ticket,True,1,create_ticket;generate_report;log_audit_event;escalate_to_human;send_notification
-1,,Notify the team by creating a formal issue for cdn-edge-06.,create_ticket,confusable_intent,,,send_notification,create_ticket,3,send_notification,False,2,send_notification;create_ticket;provision_vm;generate_report;escalate_to_human
-1,,Send a record of this problem to the tracking system.,create_ticket,confusable_intent,,,send_notification,create_ticket,3,create_ticket,True,1,create_ticket;generate_report;db_write;send_notification;process_refund
-1,,Send a record of this problem to the tracking system.,create_ticket,confusable_intent,,,send_notification,create_ticket,3,create_ticket,True,1,create_ticket;generate_report;db_write;send_notification;process_refund
-1,,Notify the team by creating a formal issue for cdn-edge-06.,create_ticket,confusable_intent,,,send_notification,create_ticket,3,send_notification,False,2,send_notification;create_ticket;provision_vm;generate_report;escalate_to_human
-1,,Notify the team by creating a formal issue for auth-svc-04.,create_ticket,confusable_intent,,,send_notification,create_ticket,3,create_ticket,True,1,create_ticket;log_audit_event;send_notification;reset_password;generate_report
-1,,Log Charlie's complaint so we can follow up.,create_ticket,confusable_intent,,,log_audit_event,create_ticket,3,create_ticket,True,1,create_ticket;escalate_to_human;send_notification;generate_report;log_audit_event
-1,,Log Frank's complaint so we can follow up.,create_ticket,confusable_intent,,,log_audit_event,create_ticket,3,create_ticket,True,1,create_ticket;escalate_to_human;send_notification;log_audit_event;generate_report
-1,,Send a record of this problem to the tracking system.,create_ticket,confusable_intent,,,send_notification,create_ticket,3,create_ticket,True,1,create_ticket;generate_report;db_write;send_notification;process_refund
-1,,Send a record of this problem to the tracking system.,create_ticket,confusable_intent,,,send_notification,create_ticket,3,create_ticket,True,1,create_ticket;generate_report;db_write;send_notification;process_refund
-1,,Send a record of this problem to the tracking system.,create_ticket,confusable_intent,,,send_notification,create_ticket,3,create_ticket,True,1,create_ticket;generate_report;db_write;send_notification;process_refund
-1,,Send a record of this problem to the tracking system.,create_ticket,confusable_intent,,,send_notification,create_ticket,3,create_ticket,True,1,create_ticket;generate_report;db_write;send_notification;process_refund
-1,,Send a record of this problem to the tracking system.,create_ticket,confusable_intent,,,send_notification,create_ticket,3,create_ticket,True,1,create_ticket;generate_report;db_write;send_notification;process_refund
-1,,Send a record of this problem to the tracking system.,create_ticket,confusable_intent,,,send_notification,create_ticket,3,create_ticket,True,1,create_ticket;generate_report;db_write;send_notification;process_refund
-1,,Notify a manager that Frank's case needs attention.,escalate_to_human,confusable_intent,,,send_notification,escalate_to_human,13,send_notification,False,2,send_notification;escalate_to_human;create_ticket;provision_vm;update_subscription
-1,,Send this to a real person for Frank.,escalate_to_human,confusable_intent,,,send_notification,escalate_to_human,13,escalate_to_human,True,1,escalate_to_human;send_notification;provision_vm;create_ticket;restart_service
-1,,Create an escalation path for Frank.,escalate_to_human,confusable_intent,,,create_ticket,escalate_to_human,13,escalate_to_human,True,1,escalate_to_human;provision_vm;send_notification;quarantine_system;update_subscription
-1,,Send this to a real person for Alice.,escalate_to_human,confusable_intent,,,send_notification,escalate_to_human,13,escalate_to_human,True,1,escalate_to_human;create_ticket;send_notification;db_write;process_refund
-1,,Send this to a real person for Eve.,escalate_to_human,confusable_intent,,,send_notification,escalate_to_human,13,escalate_to_human,True,1,escalate_to_human;provision_vm;send_notification;db_write;create_ticket
-1,,Create an escalation path for Diana.,escalate_to_human,confusable_intent,,,create_ticket,escalate_to_human,13,escalate_to_human,True,1,escalate_to_human;provision_vm;quarantine_system;send_notification;update_subscription
-1,,Send this to a real person for Bob.,escalate_to_human,confusable_intent,,,send_notification,escalate_to_human,13,escalate_to_human,True,1,escalate_to_human;process_refund;restart_service;send_notification;db_write
-1,,Create an escalation path for Bob.,escalate_to_human,confusable_intent,,,create_ticket,escalate_to_human,13,quarantine_system,False,2,quarantine_system;escalate_to_human;process_refund;send_notification;restart_service
-1,,Create an escalation path for Alice.,escalate_to_human,confusable_intent,,,create_ticket,escalate_to_human,13,escalate_to_human,True,1,escalate_to_human;send_notification;process_refund;quarantine_system;update_subscription
-1,,Send this to a real person for Grace.,escalate_to_human,confusable_intent,,,send_notification,escalate_to_human,13,reset_password,False,4,reset_password;log_audit_event;process_refund;escalate_to_human;db_write
-1,,Notify a manager that Diana's case needs attention.,escalate_to_human,confusable_intent,,,send_notification,escalate_to_human,13,escalate_to_human,True,1,escalate_to_human;send_notification;create_ticket;generate_report;provision_vm
-1,,Notify a manager that Grace's case needs attention.,escalate_to_human,confusable_intent,,,send_notification,escalate_to_human,13,send_notification,False,3,send_notification;log_audit_event;escalate_to_human;create_ticket;process_refund
-1,,Notify a manager that Bob's case needs attention.,escalate_to_human,confusable_intent,,,send_notification,escalate_to_human,13,send_notification,False,2,send_notification;escalate_to_human;create_ticket;quarantine_system;restart_service
-1,,Notify a manager that Eve's case needs attention.,escalate_to_human,confusable_intent,,,send_notification,escalate_to_human,13,send_notification,False,2,send_notification;escalate_to_human;create_ticket;provision_vm;generate_report
-1,,Notify a manager that Charlie's case needs attention.,escalate_to_human,confusable_intent,,,send_notification,escalate_to_human,13,send_notification,False,2,send_notification;escalate_to_human;create_ticket;provision_vm;quarantine_system
-1,,Create an escalation path for Eve.,escalate_to_human,confusable_intent,,,create_ticket,escalate_to_human,13,provision_vm,False,3,provision_vm;send_notification;escalate_to_human;quarantine_system;update_subscription
-1,,Create an escalation path for Grace.,escalate_to_human,confusable_intent,,,create_ticket,escalate_to_human,13,process_refund,False,4,process_refund;log_audit_event;reset_password;escalate_to_human;send_notification
-1,,Send this to a real person for Diana.,escalate_to_human,confusable_intent,,,send_notification,escalate_to_human,13,escalate_to_human,True,1,escalate_to_human;db_write;create_ticket;provision_vm;send_notification
-1,,Notify a manager that Alice's case needs attention.,escalate_to_human,confusable_intent,,,send_notification,escalate_to_human,13,escalate_to_human,True,1,escalate_to_human;send_notification;create_ticket;process_refund;log_audit_event
-1,,Send this to a real person for Charlie.,escalate_to_human,confusable_intent,,,send_notification,escalate_to_human,13,escalate_to_human,True,1,escalate_to_human;send_notification;provision_vm;restart_service;db_write
-1,,Notify a manager that Diana's case needs attention.,escalate_to_human,confusable_intent,,,send_notification,escalate_to_human,13,escalate_to_human,True,1,escalate_to_human;send_notification;create_ticket;generate_report;provision_vm
-1,,Create an escalation path for Charlie.,escalate_to_human,confusable_intent,,,create_ticket,escalate_to_human,13,escalate_to_human,True,1,escalate_to_human;quarantine_system;send_notification;provision_vm;process_refund
-1,,Notify a manager that Diana's case needs attention.,escalate_to_human,confusable_intent,,,send_notification,escalate_to_human,13,escalate_to_human,True,1,escalate_to_human;send_notification;create_ticket;generate_report;provision_vm
-1,,Notify a manager that Charlie's case needs attention.,escalate_to_human,confusable_intent,,,send_notification,escalate_to_human,13,send_notification,False,2,send_notification;escalate_to_human;create_ticket;provision_vm;quarantine_system
-1,,Create an escalation path for Bob.,escalate_to_human,confusable_intent,,,create_ticket,escalate_to_human,13,quarantine_system,False,2,quarantine_system;escalate_to_human;process_refund;send_notification;restart_service
-1,,Create an escalation path for Eve.,escalate_to_human,confusable_intent,,,create_ticket,escalate_to_human,13,provision_vm,False,3,provision_vm;send_notification;escalate_to_human;quarantine_system;update_subscription
-1,,Notify a manager that Eve's case needs attention.,escalate_to_human,confusable_intent,,,send_notification,escalate_to_human,13,send_notification,False,2,send_notification;escalate_to_human;create_ticket;provision_vm;generate_report
-1,,Send this to a real person for Charlie.,escalate_to_human,confusable_intent,,,send_notification,escalate_to_human,13,escalate_to_human,True,1,escalate_to_human;send_notification;provision_vm;restart_service;db_write
-1,,Send this to a real person for Frank.,escalate_to_human,confusable_intent,,,send_notification,escalate_to_human,13,escalate_to_human,True,1,escalate_to_human;send_notification;provision_vm;create_ticket;restart_service
-1,,Send this to a real person for Bob.,escalate_to_human,confusable_intent,,,send_notification,escalate_to_human,13,escalate_to_human,True,1,escalate_to_human;process_refund;restart_service;send_notification;db_write
-1,,Log the quarterly metrics into a document.,generate_report,confusable_intent,,,log_audit_event,generate_report,7,generate_report,True,1,generate_report;log_audit_event;db_write;db_read;send_notification
-1,,Pull the data and compile findings for Marketing.,generate_report,confusable_intent,,,query_database,generate_report,7,generate_report,True,1,generate_report;db_read;send_notification;update_subscription;db_write
-1,,Query the system and put together a summary for HR.,generate_report,confusable_intent,,,query_database,generate_report,7,generate_report,True,1,generate_report;db_read;check_status;update_subscription;log_audit_event
-1,,Query the system and put together a summary for Finance.,generate_report,confusable_intent,,,query_database,generate_report,7,generate_report,True,1,generate_report;db_read;process_refund;db_write;log_audit_event
-1,,Pull the data and compile findings for Engineering.,generate_report,confusable_intent,,,query_database,generate_report,7,generate_report,True,1,generate_report;db_read;send_notification;scan_malware;create_ticket
-1,,Query the system and put together a summary for Marketing.,generate_report,confusable_intent,,,query_database,generate_report,7,generate_report,True,1,generate_report;send_notification;update_subscription;db_read;process_refund
-1,,Pull the data and compile findings for HR.,generate_report,confusable_intent,,,query_database,generate_report,7,generate_report,True,1,generate_report;db_read;check_status;scan_malware;log_audit_event
-1,,Query the system and put together a summary for Legal.,generate_report,confusable_intent,,,query_database,generate_report,7,generate_report,True,1,generate_report;log_audit_event;db_read;process_refund;create_ticket
-1,,Pull the data and compile findings for Legal.,generate_report,confusable_intent,,,query_database,generate_report,7,generate_report,True,1,generate_report;db_read;log_audit_event;create_ticket;send_notification
-1,,Query the system and put together a summary for Engineering.,generate_report,confusable_intent,,,query_database,generate_report,7,generate_report,True,1,generate_report;send_notification;scan_malware;db_read;create_ticket
-1,,Pull the data and compile findings for HR.,generate_report,confusable_intent,,,query_database,generate_report,7,generate_report,True,1,generate_report;db_read;check_status;scan_malware;log_audit_event
-1,,Pull the data and compile findings for Finance.,generate_report,confusable_intent,,,query_database,generate_report,7,generate_report,True,1,generate_report;db_read;db_write;log_audit_event;check_status
-1,,Pull the data and compile findings for HR.,generate_report,confusable_intent,,,query_database,generate_report,7,generate_report,True,1,generate_report;db_read;check_status;scan_malware;log_audit_event
-1,,Log the quarterly metrics into a document.,generate_report,confusable_intent,,,log_audit_event,generate_report,7,generate_report,True,1,generate_report;log_audit_event;db_write;db_read;send_notification
-1,,Query the system and put together a summary for HR.,generate_report,confusable_intent,,,query_database,generate_report,7,generate_report,True,1,generate_report;db_read;check_status;update_subscription;log_audit_event
-1,,Log the quarterly metrics into a document.,generate_report,confusable_intent,,,log_audit_event,generate_report,7,generate_report,True,1,generate_report;log_audit_event;db_write;db_read;send_notification
-1,,Query the system and put together a summary for Legal.,generate_report,confusable_intent,,,query_database,generate_report,7,generate_report,True,1,generate_report;log_audit_event;db_read;process_refund;create_ticket
-1,,Log the quarterly metrics into a document.,generate_report,confusable_intent,,,log_audit_event,generate_report,7,generate_report,True,1,generate_report;log_audit_event;db_write;db_read;send_notification
-1,,Log the quarterly metrics into a document.,generate_report,confusable_intent,,,log_audit_event,generate_report,7,generate_report,True,1,generate_report;log_audit_event;db_write;db_read;send_notification
-1,,Query the system and put together a summary for Finance.,generate_report,confusable_intent,,,query_database,generate_report,7,generate_report,True,1,generate_report;db_read;process_refund;db_write;log_audit_event
-1,,Pull the data and compile findings for Legal.,generate_report,confusable_intent,,,query_database,generate_report,7,generate_report,True,1,generate_report;db_read;log_audit_event;create_ticket;send_notification
-1,,Log the quarterly metrics into a document.,generate_report,confusable_intent,,,log_audit_event,generate_report,7,generate_report,True,1,generate_report;log_audit_event;db_write;db_read;send_notification
-1,,Pull the data and compile findings for HR.,generate_report,confusable_intent,,,query_database,generate_report,7,generate_report,True,1,generate_report;db_read;check_status;scan_malware;log_audit_event
-1,,Log the quarterly metrics into a document.,generate_report,confusable_intent,,,log_audit_event,generate_report,7,generate_report,True,1,generate_report;log_audit_event;db_write;db_read;send_notification
-1,,Pull the data and compile findings for Legal.,generate_report,confusable_intent,,,query_database,generate_report,7,generate_report,True,1,generate_report;db_read;log_audit_event;create_ticket;send_notification
-1,,Query the system and put together a summary for HR.,generate_report,confusable_intent,,,query_database,generate_report,7,generate_report,True,1,generate_report;db_read;check_status;update_subscription;log_audit_event
-1,,Query the system and put together a summary for Legal.,generate_report,confusable_intent,,,query_database,generate_report,7,generate_report,True,1,generate_report;log_audit_event;db_read;process_refund;create_ticket
-1,,Pull the data and compile findings for Legal.,generate_report,confusable_intent,,,query_database,generate_report,7,generate_report,True,1,generate_report;db_read;log_audit_event;create_ticket;send_notification
-1,,Pull the data and compile findings for Engineering.,generate_report,confusable_intent,,,query_database,generate_report,7,generate_report,True,1,generate_report;db_read;send_notification;scan_malware;create_ticket
-1,,Query the system and put together a summary for Finance.,generate_report,confusable_intent,,,query_database,generate_report,7,generate_report,True,1,generate_report;db_read;process_refund;db_write;log_audit_event
-1,,File a record of what happened with payment-api-03.,log_audit_event,confusable_intent,,,create_ticket,log_audit_event,14,process_refund,False,3,process_refund;db_read;log_audit_event;create_ticket;generate_report
-1,,File a record of what happened with cdn-edge-06.,log_audit_event,confusable_intent,,,create_ticket,log_audit_event,14,create_ticket,False,5,create_ticket;db_read;generate_report;db_write;log_audit_event
-1,,Document the action taken on Charlie's account.,log_audit_event,confusable_intent,,,create_ticket,log_audit_event,14,process_refund,False,2,process_refund;log_audit_event;quarantine_system;reset_password;db_read
-1,,Report the incident to the compliance trail.,log_audit_event,confusable_intent,,,generate_report,log_audit_event,14,log_audit_event,True,1,log_audit_event;process_refund;check_status;reset_password;generate_report
-1,,File a record of what happened with prod-web-01.,log_audit_event,confusable_intent,,,create_ticket,log_audit_event,14,db_read,False,4,db_read;db_write;create_ticket;log_audit_event;process_refund
-1,,Document the action taken on Alice's account.,log_audit_event,confusable_intent,,,create_ticket,log_audit_event,14,log_audit_event,True,1,log_audit_event;process_refund;create_ticket;escalate_to_human;generate_report
-1,,Document the action taken on Frank's account.,log_audit_event,confusable_intent,,,create_ticket,log_audit_event,14,process_refund,False,3,process_refund;create_ticket;log_audit_event;reset_password;escalate_to_human
-1,,Document the action taken on Bob's account.,log_audit_event,confusable_intent,,,create_ticket,log_audit_event,14,process_refund,False,2,process_refund;log_audit_event;reset_password;db_read;generate_report
-1,,Document the action taken on Diana's account.,log_audit_event,confusable_intent,,,create_ticket,log_audit_event,14,log_audit_event,True,1,log_audit_event;process_refund;db_read;generate_report;db_write
-1,,Document the action taken on Eve's account.,log_audit_event,confusable_intent,,,create_ticket,log_audit_event,14,log_audit_event,True,1,log_audit_event;process_refund;generate_report;db_write;reset_password
-1,,File a record of what happened with ml-infer-05.,log_audit_event,confusable_intent,,,create_ticket,log_audit_event,14,db_write,False,6,db_write;db_read;generate_report;create_ticket;send_notification
-1,,File a record of what happened with auth-svc-04.,log_audit_event,confusable_intent,,,create_ticket,log_audit_event,14,log_audit_event,True,1,log_audit_event;reset_password;db_read;create_ticket;check_status
-1,,Document the action taken on Grace's account.,log_audit_event,confusable_intent,,,create_ticket,log_audit_event,14,log_audit_event,True,1,log_audit_event;process_refund;reset_password;generate_report;create_ticket
-1,,File a record of what happened with staging-db-02.,log_audit_event,confusable_intent,,,create_ticket,log_audit_event,14,db_write,False,5,db_write;db_read;generate_report;create_ticket;log_audit_event
-1,,Report the incident to the compliance trail.,log_audit_event,confusable_intent,,,generate_report,log_audit_event,14,log_audit_event,True,1,log_audit_event;process_refund;check_status;reset_password;generate_report
-1,,File a record of what happened with ml-infer-05.,log_audit_event,confusable_intent,,,create_ticket,log_audit_event,14,db_write,False,6,db_write;db_read;generate_report;create_ticket;send_notification
-1,,Report the incident to the compliance trail.,log_audit_event,confusable_intent,,,generate_report,log_audit_event,14,log_audit_event,True,1,log_audit_event;process_refund;check_status;reset_password;generate_report
-1,,File a record of what happened with staging-db-02.,log_audit_event,confusable_intent,,,create_ticket,log_audit_event,14,db_write,False,5,db_write;db_read;generate_report;create_ticket;log_audit_event
-1,,Document the action taken on Frank's account.,log_audit_event,confusable_intent,,,create_ticket,log_audit_event,14,process_refund,False,3,process_refund;create_ticket;log_audit_event;reset_password;escalate_to_human
-1,,Report the incident to the compliance trail.,log_audit_event,confusable_intent,,,generate_report,log_audit_event,14,log_audit_event,True,1,log_audit_event;process_refund;check_status;reset_password;generate_report
-1,,Report the incident to the compliance trail.,log_audit_event,confusable_intent,,,generate_report,log_audit_event,14,log_audit_event,True,1,log_audit_event;process_refund;check_status;reset_password;generate_report
-1,,Document the action taken on Grace's account.,log_audit_event,confusable_intent,,,create_ticket,log_audit_event,14,log_audit_event,True,1,log_audit_event;process_refund;reset_password;generate_report;create_ticket
-1,,File a record of what happened with ml-infer-05.,log_audit_event,confusable_intent,,,create_ticket,log_audit_event,14,db_write,False,6,db_write;db_read;generate_report;create_ticket;send_notification
-1,,File a record of what happened with staging-db-02.,log_audit_event,confusable_intent,,,create_ticket,log_audit_event,14,db_write,False,5,db_write;db_read;generate_report;create_ticket;log_audit_event
-1,,Report the incident to the compliance trail.,log_audit_event,confusable_intent,,,generate_report,log_audit_event,14,log_audit_event,True,1,log_audit_event;process_refund;check_status;reset_password;generate_report
-1,,File a record of what happened with auth-svc-04.,log_audit_event,confusable_intent,,,create_ticket,log_audit_event,14,log_audit_event,True,1,log_audit_event;reset_password;db_read;create_ticket;check_status
-1,,File a record of what happened with prod-web-01.,log_audit_event,confusable_intent,,,create_ticket,log_audit_event,14,db_read,False,4,db_read;db_write;create_ticket;log_audit_event;process_refund
-1,,File a record of what happened with ml-infer-05.,log_audit_event,confusable_intent,,,create_ticket,log_audit_event,14,db_write,False,6,db_write;db_read;generate_report;create_ticket;send_notification
-1,,Document the action taken on Grace's account.,log_audit_event,confusable_intent,,,create_ticket,log_audit_event,14,log_audit_event,True,1,log_audit_event;process_refund;reset_password;generate_report;create_ticket
-1,,Document the action taken on Diana's account.,log_audit_event,confusable_intent,,,create_ticket,log_audit_event,14,log_audit_event,True,1,log_audit_event;process_refund;db_read;generate_report;db_write
-1,,Charlie's subscription charge was wrong -- give them their money back.,process_refund,confusable_intent,,,update_subscription,process_refund,8,process_refund,True,1,process_refund;update_subscription;reset_password;restart_service;provision_vm
-1,,Update Charlie's billing to reflect the returned amount.,process_refund,confusable_intent,,,update_database,process_refund,8,process_refund,True,1,process_refund;update_subscription;restart_service;db_write;send_notification
-1,,Adjust Bob's account balance after the error.,process_refund,confusable_intent,,,update_subscription,process_refund,8,process_refund,True,1,process_refund;reset_password;update_subscription;restart_service;db_write
-1,,Update Eve's billing to reflect the returned amount.,process_refund,confusable_intent,,,update_database,process_refund,8,update_subscription,False,2,update_subscription;process_refund;db_write;provision_vm;generate_report
-1,,Adjust Diana's account balance after the error.,process_refund,confusable_intent,,,update_subscription,process_refund,8,process_refund,True,1,process_refund;reset_password;db_write;update_subscription;provision_vm
-1,,Adjust Alice's account balance after the error.,process_refund,confusable_intent,,,update_subscription,process_refund,8,process_refund,True,1,process_refund;reset_password;update_subscription;db_write;create_ticket
-1,,Frank's subscription charge was wrong -- give them their money back.,process_refund,confusable_intent,,,update_subscription,process_refund,8,update_subscription,False,2,update_subscription;process_refund;reset_password;provision_vm;restart_service
-1,,Eve's subscription charge was wrong -- give them their money back.,process_refund,confusable_intent,,,update_subscription,process_refund,8,update_subscription,False,2,update_subscription;process_refund;reset_password;provision_vm;escalate_to_human
-1,,Adjust Charlie's account balance after the error.,process_refund,confusable_intent,,,update_subscription,process_refund,8,process_refund,True,1,process_refund;update_subscription;reset_password;db_write;restart_service
-1,,Update Frank's billing to reflect the returned amount.,process_refund,confusable_intent,,,update_database,process_refund,8,process_refund,True,1,process_refund;update_subscription;db_write;restart_service;provision_vm
-1,,Adjust Frank's account balance after the error.,process_refund,confusable_intent,,,update_subscription,process_refund,8,update_subscription,False,2,update_subscription;process_refund;reset_password;provision_vm;db_write
-1,,Grace's subscription charge was wrong -- give them their money back.,process_refund,confusable_intent,,,update_subscription,process_refund,8,process_refund,True,1,process_refund;update_subscription;reset_password;log_audit_event;restart_service
-1,,Adjust Grace's account balance after the error.,process_refund,confusable_intent,,,update_subscription,process_refund,8,reset_password,False,2,reset_password;process_refund;update_subscription;log_audit_event;db_write
-1,,Update Bob's billing to reflect the returned amount.,process_refund,confusable_intent,,,update_database,process_refund,8,process_refund,True,1,process_refund;update_subscription;restart_service;reset_password;db_write
-1,,Bob's subscription charge was wrong -- give them their money back.,process_refund,confusable_intent,,,update_subscription,process_refund,8,process_refund,True,1,process_refund;update_subscription;reset_password;restart_service;quarantine_system
-1,,Update Grace's billing to reflect the returned amount.,process_refund,confusable_intent,,,update_database,process_refund,8,process_refund,True,1,process_refund;update_subscription;reset_password;log_audit_event;db_write
-1,,Update Alice's billing to reflect the returned amount.,process_refund,confusable_intent,,,update_database,process_refund,8,process_refund,True,1,process_refund;update_subscription;db_write;reset_password;log_audit_event
-1,,Diana's subscription charge was wrong -- give them their money back.,process_refund,confusable_intent,,,update_subscription,process_refund,8,process_refund,True,1,process_refund;update_subscription;reset_password;log_audit_event;escalate_to_human
-1,,Alice's subscription charge was wrong -- give them their money back.,process_refund,confusable_intent,,,update_subscription,process_refund,8,process_refund,True,1,process_refund;update_subscription;reset_password;escalate_to_human;log_audit_event
-1,,Update Diana's billing to reflect the returned amount.,process_refund,confusable_intent,,,update_database,process_refund,8,process_refund,True,1,process_refund;update_subscription;db_write;log_audit_event;reset_password
-1,,Adjust Eve's account balance after the error.,process_refund,confusable_intent,,,update_subscription,process_refund,8,reset_password,False,5,reset_password;update_subscription;db_write;provision_vm;process_refund
-1,,Adjust Bob's account balance after the error.,process_refund,confusable_intent,,,update_subscription,process_refund,8,process_refund,True,1,process_refund;reset_password;update_subscription;restart_service;db_write
-1,,Eve's subscription charge was wrong -- give them their money back.,process_refund,confusable_intent,,,update_subscription,process_refund,8,update_subscription,False,2,update_subscription;process_refund;reset_password;provision_vm;escalate_to_human
-1,,Update Eve's billing to reflect the returned amount.,process_refund,confusable_intent,,,update_database,process_refund,8,update_subscription,False,2,update_subscription;process_refund;db_write;provision_vm;generate_report
-1,,Update Alice's billing to reflect the returned amount.,process_refund,confusable_intent,,,update_database,process_refund,8,process_refund,True,1,process_refund;update_subscription;db_write;reset_password;log_audit_event
-1,,Frank's subscription charge was wrong -- give them their money back.,process_refund,confusable_intent,,,update_subscription,process_refund,8,update_subscription,False,2,update_subscription;process_refund;reset_password;provision_vm;restart_service
-1,,Frank's subscription charge was wrong -- give them their money back.,process_refund,confusable_intent,,,update_subscription,process_refund,8,update_subscription,False,2,update_subscription;process_refund;reset_password;provision_vm;restart_service
-1,,Alice's subscription charge was wrong -- give them their money back.,process_refund,confusable_intent,,,update_subscription,process_refund,8,process_refund,True,1,process_refund;update_subscription;reset_password;escalate_to_human;log_audit_event
-1,,Adjust Alice's account balance after the error.,process_refund,confusable_intent,,,update_subscription,process_refund,8,process_refund,True,1,process_refund;reset_password;update_subscription;db_write;create_ticket
-1,,Adjust Diana's account balance after the error.,process_refund,confusable_intent,,,update_subscription,process_refund,8,process_refund,True,1,process_refund;reset_password;db_write;update_subscription;provision_vm
-1,,Deploy a fresh system for Finance -- update the inventory too.,provision_vm,confusable_intent,,,update_database,provision_vm,10,provision_vm,True,1,provision_vm;db_write;restart_service;process_refund;update_subscription
-1,,Set up another host -- the current cdn-edge-06 isn't cutting it.,provision_vm,confusable_intent,,,restart_service,provision_vm,10,provision_vm,True,1,provision_vm;quarantine_system;update_subscription;send_notification;restart_service
-1,,Deploy a fresh system for Legal -- update the inventory too.,provision_vm,confusable_intent,,,update_database,provision_vm,10,provision_vm,True,1,provision_vm;restart_service;process_refund;update_subscription;send_notification
-1,,Set up another host -- the current ml-infer-05 isn't cutting it.,provision_vm,confusable_intent,,,restart_service,provision_vm,10,provision_vm,True,1,provision_vm;quarantine_system;update_subscription;send_notification;generate_report
-1,,Set up another host -- the current auth-svc-04 isn't cutting it.,provision_vm,confusable_intent,,,restart_service,provision_vm,10,reset_password,False,4,reset_password;quarantine_system;restart_service;provision_vm;process_refund
-1,,Deploy a fresh system for Marketing -- update the inventory too.,provision_vm,confusable_intent,,,update_database,provision_vm,10,provision_vm,True,1,provision_vm;restart_service;db_write;update_subscription;send_notification
-1,,Set up another host -- the current staging-db-02 isn't cutting it.,provision_vm,confusable_intent,,,restart_service,provision_vm,10,provision_vm,True,1,provision_vm;db_write;quarantine_system;create_ticket;generate_report
-1,,Deploy a fresh system for Engineering -- update the inventory too.,provision_vm,confusable_intent,,,update_database,provision_vm,10,provision_vm,True,1,provision_vm;db_write;restart_service;send_notification;update_subscription
-1,,Restart the setup process for Marketing's new environment.,provision_vm,confusable_intent,,,restart_service,provision_vm,10,restart_service,False,3,restart_service;process_refund;provision_vm;quarantine_system;reset_password
-1,,Deploy a fresh system for HR -- update the inventory too.,provision_vm,confusable_intent,,,update_database,provision_vm,10,provision_vm,True,1,provision_vm;restart_service;update_subscription;db_write;quarantine_system
-1,,Restart the setup process for HR's new environment.,provision_vm,confusable_intent,,,restart_service,provision_vm,10,restart_service,False,4,restart_service;reset_password;quarantine_system;provision_vm;escalate_to_human
-1,,Set up another host -- the current payment-api-03 isn't cutting it.,provision_vm,confusable_intent,,,restart_service,provision_vm,10,provision_vm,True,1,provision_vm;update_subscription;quarantine_system;process_refund;restart_service
-1,,Restart the setup process for Finance's new environment.,provision_vm,confusable_intent,,,restart_service,provision_vm,10,restart_service,False,4,restart_service;process_refund;reset_password;provision_vm;db_write
-1,,Restart the setup process for Legal's new environment.,provision_vm,confusable_intent,,,restart_service,provision_vm,10,restart_service,False,4,restart_service;process_refund;reset_password;provision_vm;quarantine_system
-1,,Set up another host -- the current prod-web-01 isn't cutting it.,provision_vm,confusable_intent,,,restart_service,provision_vm,10,provision_vm,True,1,provision_vm;quarantine_system;restart_service;process_refund;update_subscription
-1,,Restart the setup process for HR's new environment.,provision_vm,confusable_intent,,,restart_service,provision_vm,10,restart_service,False,4,restart_service;reset_password;quarantine_system;provision_vm;escalate_to_human
-1,,Restart the setup process for Engineering's new environment.,provision_vm,confusable_intent,,,restart_service,provision_vm,10,restart_service,False,2,restart_service;provision_vm;reset_password;quarantine_system;process_refund
-1,,Set up another host -- the current payment-api-03 isn't cutting it.,provision_vm,confusable_intent,,,restart_service,provision_vm,10,provision_vm,True,1,provision_vm;update_subscription;quarantine_system;process_refund;restart_service
-1,,Set up another host -- the current payment-api-03 isn't cutting it.,provision_vm,confusable_intent,,,restart_service,provision_vm,10,provision_vm,True,1,provision_vm;update_subscription;quarantine_system;process_refund;restart_service
-1,,Deploy a fresh system for Marketing -- update the inventory too.,provision_vm,confusable_intent,,,update_database,provision_vm,10,provision_vm,True,1,provision_vm;restart_service;db_write;update_subscription;send_notification
-1,,Set up another host -- the current staging-db-02 isn't cutting it.,provision_vm,confusable_intent,,,restart_service,provision_vm,10,provision_vm,True,1,provision_vm;db_write;quarantine_system;create_ticket;generate_report
-1,,Set up another host -- the current cdn-edge-06 isn't cutting it.,provision_vm,confusable_intent,,,restart_service,provision_vm,10,provision_vm,True,1,provision_vm;quarantine_system;update_subscription;send_notification;restart_service
-1,,Deploy a fresh system for HR -- update the inventory too.,provision_vm,confusable_intent,,,update_database,provision_vm,10,provision_vm,True,1,provision_vm;restart_service;update_subscription;db_write;quarantine_system
-1,,Restart the setup process for HR's new environment.,provision_vm,confusable_intent,,,restart_service,provision_vm,10,restart_service,False,4,restart_service;reset_password;quarantine_system;provision_vm;escalate_to_human
-1,,Set up another host -- the current payment-api-03 isn't cutting it.,provision_vm,confusable_intent,,,restart_service,provision_vm,10,provision_vm,True,1,provision_vm;update_subscription;quarantine_system;process_refund;restart_service
-1,,Restart the setup process for Legal's new environment.,provision_vm,confusable_intent,,,restart_service,provision_vm,10,restart_service,False,4,restart_service;process_refund;reset_password;provision_vm;quarantine_system
-1,,Set up another host -- the current ml-infer-05 isn't cutting it.,provision_vm,confusable_intent,,,restart_service,provision_vm,10,provision_vm,True,1,provision_vm;quarantine_system;update_subscription;send_notification;generate_report
-1,,Deploy a fresh system for Marketing -- update the inventory too.,provision_vm,confusable_intent,,,update_database,provision_vm,10,provision_vm,True,1,provision_vm;restart_service;db_write;update_subscription;send_notification
-1,,Deploy a fresh system for Marketing -- update the inventory too.,provision_vm,confusable_intent,,,update_database,provision_vm,10,provision_vm,True,1,provision_vm;restart_service;db_write;update_subscription;send_notification
-1,,Deploy a fresh system for Marketing -- update the inventory too.,provision_vm,confusable_intent,,,update_database,provision_vm,10,provision_vm,True,1,provision_vm;restart_service;db_write;update_subscription;send_notification
-1,,Restart payment-api-03's isolation procedure.,quarantine_system,confusable_intent,,,restart_service,quarantine_system,5,process_refund,False,3,process_refund;restart_service;quarantine_system;update_subscription;check_status
-1,,Scan and lock down prod-web-01 immediately.,quarantine_system,confusable_intent,,,scan_malware,quarantine_system,5,scan_malware,False,2,scan_malware;quarantine_system;restart_service;reset_password;process_refund
-1,,cdn-edge-06 is infected -- shut down its connections.,quarantine_system,confusable_intent,,,scan_malware,quarantine_system,5,quarantine_system,True,1,quarantine_system;restart_service;scan_malware;provision_vm;send_notification
-1,,Scan and lock down staging-db-02 immediately.,quarantine_system,confusable_intent,,,scan_malware,quarantine_system,5,scan_malware,False,3,scan_malware;db_read;quarantine_system;db_write;generate_report
-1,,Scan and lock down payment-api-03 immediately.,quarantine_system,confusable_intent,,,scan_malware,quarantine_system,5,scan_malware,False,3,scan_malware;process_refund;quarantine_system;log_audit_event;check_status
-1,,Restart prod-web-01's isolation procedure.,quarantine_system,confusable_intent,,,restart_service,quarantine_system,5,restart_service,False,2,restart_service;quarantine_system;process_refund;provision_vm;check_status
-1,,ml-infer-05 is infected -- shut down its connections.,quarantine_system,confusable_intent,,,scan_malware,quarantine_system,5,quarantine_system,True,1,quarantine_system;scan_malware;restart_service;process_refund;provision_vm
-1,,auth-svc-04 is infected -- shut down its connections.,quarantine_system,confusable_intent,,,scan_malware,quarantine_system,5,reset_password,False,3,reset_password;restart_service;quarantine_system;scan_malware;log_audit_event
-1,,staging-db-02 is infected -- shut down its connections.,quarantine_system,confusable_intent,,,scan_malware,quarantine_system,5,quarantine_system,True,1,quarantine_system;restart_service;scan_malware;provision_vm;db_write
-1,,Scan and lock down cdn-edge-06 immediately.,quarantine_system,confusable_intent,,,scan_malware,quarantine_system,5,scan_malware,False,2,scan_malware;quarantine_system;restart_service;check_status;process_refund
-1,,Restart auth-svc-04's isolation procedure.,quarantine_system,confusable_intent,,,restart_service,quarantine_system,5,reset_password,False,3,reset_password;restart_service;quarantine_system;process_refund;log_audit_event
-1,,Scan and lock down ml-infer-05 immediately.,quarantine_system,confusable_intent,,,scan_malware,quarantine_system,5,scan_malware,False,2,scan_malware;quarantine_system;generate_report;send_notification;process_refund
-1,,Restart cdn-edge-06's isolation procedure.,quarantine_system,confusable_intent,,,restart_service,quarantine_system,5,quarantine_system,True,1,quarantine_system;restart_service;provision_vm;update_subscription;process_refund
-1,,Restart staging-db-02's isolation procedure.,quarantine_system,confusable_intent,,,restart_service,quarantine_system,5,db_write,False,4,db_write;restart_service;provision_vm;quarantine_system;db_read
-1,,prod-web-01 is infected -- shut down its connections.,quarantine_system,confusable_intent,,,scan_malware,quarantine_system,5,quarantine_system,True,1,quarantine_system;restart_service;scan_malware;process_refund;reset_password
-1,,payment-api-03 is infected -- shut down its connections.,quarantine_system,confusable_intent,,,scan_malware,quarantine_system,5,quarantine_system,True,1,quarantine_system;scan_malware;restart_service;process_refund;check_status
-1,,Scan and lock down auth-svc-04 immediately.,quarantine_system,confusable_intent,,,scan_malware,quarantine_system,5,reset_password,False,4,reset_password;scan_malware;log_audit_event;quarantine_system;restart_service
-1,,Restart ml-infer-05's isolation procedure.,quarantine_system,confusable_intent,,,restart_service,quarantine_system,5,quarantine_system,True,1,quarantine_system;provision_vm;send_notification;restart_service;update_subscription
-1,,payment-api-03 is infected -- shut down its connections.,quarantine_system,confusable_intent,,,scan_malware,quarantine_system,5,quarantine_system,True,1,quarantine_system;scan_malware;restart_service;process_refund;check_status
-1,,Restart staging-db-02's isolation procedure.,quarantine_system,confusable_intent,,,restart_service,quarantine_system,5,db_write,False,4,db_write;restart_service;provision_vm;quarantine_system;db_read
-1,,staging-db-02 is infected -- shut down its connections.,quarantine_system,confusable_intent,,,scan_malware,quarantine_system,5,quarantine_system,True,1,quarantine_system;restart_service;scan_malware;provision_vm;db_write
-1,,auth-svc-04 is infected -- shut down its connections.,quarantine_system,confusable_intent,,,scan_malware,quarantine_system,5,reset_password,False,3,reset_password;restart_service;quarantine_system;scan_malware;log_audit_event
-1,,Scan and lock down payment-api-03 immediately.,quarantine_system,confusable_intent,,,scan_malware,quarantine_system,5,scan_malware,False,3,scan_malware;process_refund;quarantine_system;log_audit_event;check_status
-1,,ml-infer-05 is infected -- shut down its connections.,quarantine_system,confusable_intent,,,scan_malware,quarantine_system,5,quarantine_system,True,1,quarantine_system;scan_malware;restart_service;process_refund;provision_vm
-1,,Restart auth-svc-04's isolation procedure.,quarantine_system,confusable_intent,,,restart_service,quarantine_system,5,reset_password,False,3,reset_password;restart_service;quarantine_system;process_refund;log_audit_event
-1,,Scan and lock down staging-db-02 immediately.,quarantine_system,confusable_intent,,,scan_malware,quarantine_system,5,scan_malware,False,3,scan_malware;db_read;quarantine_system;db_write;generate_report
-1,,Restart auth-svc-04's isolation procedure.,quarantine_system,confusable_intent,,,restart_service,quarantine_system,5,reset_password,False,3,reset_password;restart_service;quarantine_system;process_refund;log_audit_event
-1,,Restart cdn-edge-06's isolation procedure.,quarantine_system,confusable_intent,,,restart_service,quarantine_system,5,quarantine_system,True,1,quarantine_system;restart_service;provision_vm;update_subscription;process_refund
-1,,Scan and lock down auth-svc-04 immediately.,quarantine_system,confusable_intent,,,scan_malware,quarantine_system,5,reset_password,False,4,reset_password;scan_malware;log_audit_event;quarantine_system;restart_service
-1,,Scan and lock down prod-web-01 immediately.,quarantine_system,confusable_intent,,,scan_malware,quarantine_system,5,scan_malware,False,2,scan_malware;quarantine_system;restart_service;reset_password;process_refund
-1,,I need a report of Grace's transactions from the database.,query_database,confusable_intent,,,generate_report,db_read,0,log_audit_event,False,2,log_audit_event;db_read;generate_report;scan_malware;db_write
-1,,I want to check what we have on file for Frank.,query_database,confusable_intent,,,check_status,db_read,0,db_read,True,1,db_read;check_status;generate_report;scan_malware;log_audit_event
-1,,I want to check what we have on file for Alice.,query_database,confusable_intent,,,check_status,db_read,0,db_read,True,1,db_read;log_audit_event;generate_report;check_status;scan_malware
-1,,I need a report of Diana's transactions from the database.,query_database,confusable_intent,,,generate_report,db_read,0,db_read,True,1,db_read;generate_report;log_audit_event;db_write;check_status
-1,,I want to check what we have on file for Grace.,query_database,confusable_intent,,,check_status,db_read,0,log_audit_event,False,2,log_audit_event;db_read;generate_report;scan_malware;check_status
-1,,Generate a list of all entries matching Frank.,query_database,confusable_intent,,,generate_report,db_read,0,db_read,True,1,db_read;generate_report;db_write;create_ticket;scan_malware
-1,,I need a report of Frank's transactions from the database.,query_database,confusable_intent,,,generate_report,db_read,0,db_read,True,1,db_read;generate_report;log_audit_event;check_status;db_write
-1,,Can you verify the records for #42017 in the system?,query_database,confusable_intent,,,check_status,db_read,0,db_read,True,1,db_read;db_write;generate_report;check_status;scan_malware
-1,,Generate a list of all entries matching Bob.,query_database,confusable_intent,,,generate_report,db_read,0,db_read,True,1,db_read;scan_malware;check_status;generate_report;db_write
-1,,Can you verify the records for #53698 in the system?,query_database,confusable_intent,,,check_status,db_read,0,db_read,True,1,db_read;db_write;generate_report;check_status;scan_malware
-1,,I want to check what we have on file for Diana.,query_database,confusable_intent,,,check_status,db_read,0,db_read,True,1,db_read;generate_report;log_audit_event;db_write;check_status
-1,,Can you verify the records for #31450 in the system?,query_database,confusable_intent,,,check_status,db_read,0,db_read,True,1,db_read;db_write;generate_report;check_status;log_audit_event
-1,,Can you verify the records for #60122 in the system?,query_database,confusable_intent,,,check_status,db_read,0,db_read,True,1,db_read;db_write;check_status;generate_report;scan_malware
-1,,Generate a list of all entries matching Diana.,query_database,confusable_intent,,,generate_report,db_read,0,db_read,True,1,db_read;generate_report;db_write;scan_malware;create_ticket
-1,,I want to check what we have on file for Charlie.,query_database,confusable_intent,,,check_status,db_read,0,db_read,True,1,db_read;scan_malware;generate_report;check_status;db_write
-1,,I need a report of Charlie's transactions from the database.,query_database,confusable_intent,,,generate_report,db_read,0,db_read,True,1,db_read;generate_report;log_audit_event;db_write;scan_malware
-1,,I want to check what we have on file for Bob.,query_database,confusable_intent,,,check_status,db_read,0,db_read,True,1,db_read;check_status;scan_malware;generate_report;log_audit_event
-1,,I need a report of Eve's transactions from the database.,query_database,confusable_intent,,,generate_report,db_read,0,generate_report,False,2,generate_report;db_read;log_audit_event;db_write;scan_malware
-1,,Generate a list of all entries matching Alice.,query_database,confusable_intent,,,generate_report,db_read,0,db_read,True,1,db_read;generate_report;log_audit_event;create_ticket;scan_malware
-1,,Generate a list of all entries matching Grace.,query_database,confusable_intent,,,generate_report,db_read,0,log_audit_event,False,5,log_audit_event;generate_report;scan_malware;reset_password;db_read
-1,,I want to check what we have on file for Eve.,query_database,confusable_intent,,,check_status,db_read,0,db_read,True,1,db_read;generate_report;log_audit_event;scan_malware;check_status
-1,,Generate a list of all entries matching Eve.,query_database,confusable_intent,,,generate_report,db_read,0,generate_report,False,2,generate_report;db_read;scan_malware;db_write;log_audit_event
-1,,I need a report of Alice's transactions from the database.,query_database,confusable_intent,,,generate_report,db_read,0,log_audit_event,False,3,log_audit_event;generate_report;db_read;db_write;process_refund
-1,,Can you verify the records for #20891 in the system?,query_database,confusable_intent,,,check_status,db_read,0,db_read,True,1,db_read;db_write;generate_report;check_status;log_audit_event
-1,,Generate a list of all entries matching Charlie.,query_database,confusable_intent,,,generate_report,db_read,0,db_read,True,1,db_read;generate_report;scan_malware;db_write;create_ticket
-1,,Can you verify the records for #10234 in the system?,query_database,confusable_intent,,,check_status,db_read,0,db_read,True,1,db_read;db_write;check_status;generate_report;log_audit_event
-1,,Generate a list of all entries matching Bob.,query_database,confusable_intent,,,generate_report,db_read,0,db_read,True,1,db_read;scan_malware;check_status;generate_report;db_write
-1,,I need a report of Bob's transactions from the database.,query_database,confusable_intent,,,generate_report,db_read,0,db_read,True,1,db_read;log_audit_event;generate_report;check_status;process_refund
-1,,Generate a list of all entries matching Bob.,query_database,confusable_intent,,,generate_report,db_read,0,db_read,True,1,db_read;scan_malware;check_status;generate_report;db_write
-1,,I need a report of Diana's transactions from the database.,query_database,confusable_intent,,,generate_report,db_read,0,db_read,True,1,db_read;generate_report;log_audit_event;db_write;check_status
-1,,Update Charlie's login so they can get back in.,reset_password,confusable_intent,,,update_database,reset_password,2,reset_password,True,1,reset_password;restart_service;quarantine_system;provision_vm;process_refund
-1,,Frank's access needs to be fixed -- the system locked them out.,reset_password,confusable_intent,,,quarantine_system,reset_password,2,reset_password,True,1,reset_password;quarantine_system;provision_vm;generate_report;process_refund
-1,,The system is blocking Grace -- fix their credentials.,reset_password,confusable_intent,,,quarantine_system,reset_password,2,reset_password,True,1,reset_password;log_audit_event;scan_malware;process_refund;quarantine_system
-1,,Update Diana's login so they can get back in.,reset_password,confusable_intent,,,update_database,reset_password,2,reset_password,True,1,reset_password;log_audit_event;db_write;provision_vm;process_refund
-1,,Grace's access needs to be fixed -- the system locked them out.,reset_password,confusable_intent,,,quarantine_system,reset_password,2,reset_password,True,1,reset_password;log_audit_event;process_refund;generate_report;quarantine_system
-1,,The system is blocking Bob -- fix their credentials.,reset_password,confusable_intent,,,quarantine_system,reset_password,2,reset_password,True,1,reset_password;quarantine_system;log_audit_event;restart_service;scan_malware
-1,,Update Grace's login so they can get back in.,reset_password,confusable_intent,,,update_database,reset_password,2,reset_password,True,1,reset_password;log_audit_event;process_refund;update_subscription;restart_service
-1,,The system is blocking Frank -- fix their credentials.,reset_password,confusable_intent,,,quarantine_system,reset_password,2,reset_password,True,1,reset_password;quarantine_system;restart_service;scan_malware;log_audit_event
-1,,Diana's access needs to be fixed -- the system locked them out.,reset_password,confusable_intent,,,quarantine_system,reset_password,2,reset_password,True,1,reset_password;generate_report;log_audit_event;quarantine_system;db_read
-1,,Update Bob's login so they can get back in.,reset_password,confusable_intent,,,update_database,reset_password,2,reset_password,True,1,reset_password;restart_service;process_refund;quarantine_system;log_audit_event
-1,,The system is blocking Eve -- fix their credentials.,reset_password,confusable_intent,,,quarantine_system,reset_password,2,reset_password,True,1,reset_password;quarantine_system;log_audit_event;scan_malware;provision_vm
-1,,The system is blocking Charlie -- fix their credentials.,reset_password,confusable_intent,,,quarantine_system,reset_password,2,reset_password,True,1,reset_password;quarantine_system;restart_service;scan_malware;log_audit_event
-1,,The system is blocking Alice -- fix their credentials.,reset_password,confusable_intent,,,quarantine_system,reset_password,2,reset_password,True,1,reset_password;log_audit_event;quarantine_system;process_refund;escalate_to_human
-1,,The system is blocking Diana -- fix their credentials.,reset_password,confusable_intent,,,quarantine_system,reset_password,2,reset_password,True,1,reset_password;log_audit_event;quarantine_system;scan_malware;escalate_to_human
-1,,Alice's access needs to be fixed -- the system locked them out.,reset_password,confusable_intent,,,quarantine_system,reset_password,2,reset_password,True,1,reset_password;log_audit_event;process_refund;quarantine_system;generate_report
-1,,Update Alice's login so they can get back in.,reset_password,confusable_intent,,,update_database,reset_password,2,reset_password,True,1,reset_password;log_audit_event;process_refund;escalate_to_human;db_write
-1,,Eve's access needs to be fixed -- the system locked them out.,reset_password,confusable_intent,,,quarantine_system,reset_password,2,reset_password,True,1,reset_password;quarantine_system;generate_report;log_audit_event;provision_vm
-1,,Bob's access needs to be fixed -- the system locked them out.,reset_password,confusable_intent,,,quarantine_system,reset_password,2,reset_password,True,1,reset_password;quarantine_system;process_refund;log_audit_event;generate_report
-1,,Charlie's access needs to be fixed -- the system locked them out.,reset_password,confusable_intent,,,quarantine_system,reset_password,2,reset_password,True,1,reset_password;quarantine_system;process_refund;generate_report;provision_vm
-1,,Update Frank's login so they can get back in.,reset_password,confusable_intent,,,update_database,reset_password,2,reset_password,True,1,reset_password;restart_service;provision_vm;update_subscription;quarantine_system
-1,,Update Eve's login so they can get back in.,reset_password,confusable_intent,,,update_database,reset_password,2,reset_password,True,1,reset_password;provision_vm;quarantine_system;log_audit_event;restart_service
-1,,Diana's access needs to be fixed -- the system locked them out.,reset_password,confusable_intent,,,quarantine_system,reset_password,2,reset_password,True,1,reset_password;generate_report;log_audit_event;quarantine_system;db_read
-1,,Frank's access needs to be fixed -- the system locked them out.,reset_password,confusable_intent,,,quarantine_system,reset_password,2,reset_password,True,1,reset_password;quarantine_system;provision_vm;generate_report;process_refund
-1,,Eve's access needs to be fixed -- the system locked them out.,reset_password,confusable_intent,,,quarantine_system,reset_password,2,reset_password,True,1,reset_password;quarantine_system;generate_report;log_audit_event;provision_vm
-1,,Charlie's access needs to be fixed -- the system locked them out.,reset_password,confusable_intent,,,quarantine_system,reset_password,2,reset_password,True,1,reset_password;quarantine_system;process_refund;generate_report;provision_vm
-1,,Frank's access needs to be fixed -- the system locked them out.,reset_password,confusable_intent,,,quarantine_system,reset_password,2,reset_password,True,1,reset_password;quarantine_system;provision_vm;generate_report;process_refund
-1,,The system is blocking Charlie -- fix their credentials.,reset_password,confusable_intent,,,quarantine_system,reset_password,2,reset_password,True,1,reset_password;quarantine_system;restart_service;scan_malware;log_audit_event
-1,,Bob's access needs to be fixed -- the system locked them out.,reset_password,confusable_intent,,,quarantine_system,reset_password,2,reset_password,True,1,reset_password;quarantine_system;process_refund;log_audit_event;generate_report
-1,,Update Alice's login so they can get back in.,reset_password,confusable_intent,,,update_database,reset_password,2,reset_password,True,1,reset_password;log_audit_event;process_refund;escalate_to_human;db_write
-1,,Update Grace's login so they can get back in.,reset_password,confusable_intent,,,update_database,reset_password,2,reset_password,True,1,reset_password;log_audit_event;process_refund;update_subscription;restart_service
-1,,Bring auth-svc-04 back to life.,restart_service,confusable_intent,,,provision_vm,restart_service,11,reset_password,False,2,reset_password;restart_service;process_refund;log_audit_event;quarantine_system
-1,,Provision a fresh start for prod-web-01.,restart_service,confusable_intent,,,provision_vm,restart_service,11,provision_vm,False,2,provision_vm;restart_service;create_ticket;db_write;quarantine_system
-1,,Provision a fresh start for cdn-edge-06.,restart_service,confusable_intent,,,provision_vm,restart_service,11,provision_vm,False,3,provision_vm;update_subscription;restart_service;create_ticket;send_notification
-1,,The service on auth-svc-04 is failing -- isolate and reboot.,restart_service,confusable_intent,,,quarantine_system,restart_service,11,restart_service,True,1,restart_service;check_status;reset_password;quarantine_system;escalate_to_human
-1,,The service on ml-infer-05 is failing -- isolate and reboot.,restart_service,confusable_intent,,,quarantine_system,restart_service,11,restart_service,True,1,restart_service;provision_vm;quarantine_system;check_status;update_subscription
-1,,The service on prod-web-01 is failing -- isolate and reboot.,restart_service,confusable_intent,,,quarantine_system,restart_service,11,restart_service,True,1,restart_service;quarantine_system;check_status;provision_vm;escalate_to_human
-1,,Bring prod-web-01 back to life.,restart_service,confusable_intent,,,provision_vm,restart_service,11,restart_service,True,1,restart_service;provision_vm;quarantine_system;process_refund;update_subscription
-1,,Bring cdn-edge-06 back to life.,restart_service,confusable_intent,,,provision_vm,restart_service,11,provision_vm,False,3,provision_vm;update_subscription;restart_service;send_notification;quarantine_system
-1,,Provision a fresh start for auth-svc-04.,restart_service,confusable_intent,,,provision_vm,restart_service,11,reset_password,False,2,reset_password;restart_service;provision_vm;create_ticket;log_audit_event
-1,,The service on payment-api-03 is failing -- isolate and reboot.,restart_service,confusable_intent,,,quarantine_system,restart_service,11,restart_service,True,1,restart_service;process_refund;check_status;quarantine_system;escalate_to_human
-1,,Bring ml-infer-05 back to life.,restart_service,confusable_intent,,,provision_vm,restart_service,11,provision_vm,False,5,provision_vm;update_subscription;send_notification;db_write;restart_service
-1,,Bring staging-db-02 back to life.,restart_service,confusable_intent,,,provision_vm,restart_service,11,db_write,False,5,db_write;provision_vm;update_subscription;send_notification;restart_service
-1,,Provision a fresh start for ml-infer-05.,restart_service,confusable_intent,,,provision_vm,restart_service,11,provision_vm,False,7,provision_vm;db_write;send_notification;update_subscription;create_ticket
-1,,The service on staging-db-02 is failing -- isolate and reboot.,restart_service,confusable_intent,,,quarantine_system,restart_service,11,restart_service,True,1,restart_service;provision_vm;check_status;db_write;quarantine_system
-1,,Provision a fresh start for payment-api-03.,restart_service,confusable_intent,,,provision_vm,restart_service,11,provision_vm,False,3,provision_vm;process_refund;restart_service;update_subscription;create_ticket
-1,,Bring payment-api-03 back to life.,restart_service,confusable_intent,,,provision_vm,restart_service,11,process_refund,False,3,process_refund;update_subscription;restart_service;provision_vm;escalate_to_human
-1,,Provision a fresh start for staging-db-02.,restart_service,confusable_intent,,,provision_vm,restart_service,11,db_write,False,5,db_write;provision_vm;create_ticket;generate_report;restart_service
-1,,The service on cdn-edge-06 is failing -- isolate and reboot.,restart_service,confusable_intent,,,quarantine_system,restart_service,11,restart_service,True,1,restart_service;quarantine_system;check_status;provision_vm;escalate_to_human
-1,,Bring cdn-edge-06 back to life.,restart_service,confusable_intent,,,provision_vm,restart_service,11,provision_vm,False,3,provision_vm;update_subscription;restart_service;send_notification;quarantine_system
-1,,Bring auth-svc-04 back to life.,restart_service,confusable_intent,,,provision_vm,restart_service,11,reset_password,False,2,reset_password;restart_service;process_refund;log_audit_event;quarantine_system
-1,,Provision a fresh start for staging-db-02.,restart_service,confusable_intent,,,provision_vm,restart_service,11,db_write,False,5,db_write;provision_vm;create_ticket;generate_report;restart_service
-1,,The service on prod-web-01 is failing -- isolate and reboot.,restart_service,confusable_intent,,,quarantine_system,restart_service,11,restart_service,True,1,restart_service;quarantine_system;check_status;provision_vm;escalate_to_human
-1,,Provision a fresh start for ml-infer-05.,restart_service,confusable_intent,,,provision_vm,restart_service,11,provision_vm,False,7,provision_vm;db_write;send_notification;update_subscription;create_ticket
-1,,The service on auth-svc-04 is failing -- isolate and reboot.,restart_service,confusable_intent,,,quarantine_system,restart_service,11,restart_service,True,1,restart_service;check_status;reset_password;quarantine_system;escalate_to_human
-1,,Bring payment-api-03 back to life.,restart_service,confusable_intent,,,provision_vm,restart_service,11,process_refund,False,3,process_refund;update_subscription;restart_service;provision_vm;escalate_to_human
-1,,Bring payment-api-03 back to life.,restart_service,confusable_intent,,,provision_vm,restart_service,11,process_refund,False,3,process_refund;update_subscription;restart_service;provision_vm;escalate_to_human
-1,,The service on ml-infer-05 is failing -- isolate and reboot.,restart_service,confusable_intent,,,quarantine_system,restart_service,11,restart_service,True,1,restart_service;provision_vm;quarantine_system;check_status;update_subscription
-1,,Bring payment-api-03 back to life.,restart_service,confusable_intent,,,provision_vm,restart_service,11,process_refund,False,3,process_refund;update_subscription;restart_service;provision_vm;escalate_to_human
-1,,The service on payment-api-03 is failing -- isolate and reboot.,restart_service,confusable_intent,,,quarantine_system,restart_service,11,restart_service,True,1,restart_service;process_refund;check_status;quarantine_system;escalate_to_human
-1,,Provision a fresh start for staging-db-02.,restart_service,confusable_intent,,,provision_vm,restart_service,11,db_write,False,5,db_write;provision_vm;create_ticket;generate_report;restart_service
-1,,Check cdn-edge-06 for anything suspicious.,scan_malware,confusable_intent,,,check_status,scan_malware,6,scan_malware,True,1,scan_malware;quarantine_system;check_status;db_read;log_audit_event
-1,,Check payment-api-03 for anything suspicious.,scan_malware,confusable_intent,,,check_status,scan_malware,6,scan_malware,True,1,scan_malware;check_status;db_read;log_audit_event;quarantine_system
-1,,Verify ml-infer-05's security posture.,scan_malware,confusable_intent,,,check_status,scan_malware,6,scan_malware,True,1,scan_malware;log_audit_event;generate_report;check_status;quarantine_system
-1,,Check prod-web-01 for anything suspicious.,scan_malware,confusable_intent,,,check_status,scan_malware,6,scan_malware,True,1,scan_malware;quarantine_system;check_status;db_read;log_audit_event
-1,,payment-api-03 looks compromised -- isolate and investigate.,scan_malware,confusable_intent,,,quarantine_system,scan_malware,6,scan_malware,True,1,scan_malware;quarantine_system;process_refund;log_audit_event;db_read
-1,,Check auth-svc-04 for anything suspicious.,scan_malware,confusable_intent,,,check_status,scan_malware,6,scan_malware,True,1,scan_malware;log_audit_event;reset_password;check_status;quarantine_system
-1,,staging-db-02 looks compromised -- isolate and investigate.,scan_malware,confusable_intent,,,quarantine_system,scan_malware,6,scan_malware,True,1,scan_malware;db_read;quarantine_system;generate_report;db_write
-1,,Check staging-db-02 for anything suspicious.,scan_malware,confusable_intent,,,check_status,scan_malware,6,db_read,False,2,db_read;scan_malware;generate_report;db_write;check_status
-1,,ml-infer-05 looks compromised -- isolate and investigate.,scan_malware,confusable_intent,,,quarantine_system,scan_malware,6,scan_malware,True,1,scan_malware;quarantine_system;generate_report;db_read;send_notification
-1,,Verify payment-api-03's security posture.,scan_malware,confusable_intent,,,check_status,scan_malware,6,scan_malware,True,1,scan_malware;log_audit_event;check_status;process_refund;quarantine_system
-1,,prod-web-01 looks compromised -- isolate and investigate.,scan_malware,confusable_intent,,,quarantine_system,scan_malware,6,scan_malware,True,1,scan_malware;quarantine_system;reset_password;process_refund;db_read
-1,,Verify auth-svc-04's security posture.,scan_malware,confusable_intent,,,check_status,scan_malware,6,log_audit_event,False,2,log_audit_event;scan_malware;reset_password;check_status;quarantine_system
-1,,Check ml-infer-05 for anything suspicious.,scan_malware,confusable_intent,,,check_status,scan_malware,6,scan_malware,True,1,scan_malware;db_read;check_status;quarantine_system;generate_report
-1,,Verify prod-web-01's security posture.,scan_malware,confusable_intent,,,check_status,scan_malware,6,scan_malware,True,1,scan_malware;quarantine_system;check_status;reset_password;log_audit_event
-1,,Verify staging-db-02's security posture.,scan_malware,confusable_intent,,,check_status,scan_malware,6,db_read,False,2,db_read;scan_malware;generate_report;log_audit_event;check_status
-1,,cdn-edge-06 looks compromised -- isolate and investigate.,scan_malware,confusable_intent,,,quarantine_system,scan_malware,6,quarantine_system,False,2,quarantine_system;scan_malware;generate_report;send_notification;provision_vm
-1,,auth-svc-04 looks compromised -- isolate and investigate.,scan_malware,confusable_intent,,,quarantine_system,scan_malware,6,reset_password,False,2,reset_password;scan_malware;log_audit_event;quarantine_system;process_refund
-1,,Verify cdn-edge-06's security posture.,scan_malware,confusable_intent,,,check_status,scan_malware,6,scan_malware,True,1,scan_malware;quarantine_system;log_audit_event;check_status;generate_report
-1,,Check staging-db-02 for anything suspicious.,scan_malware,confusable_intent,,,check_status,scan_malware,6,db_read,False,2,db_read;scan_malware;generate_report;db_write;check_status
-1,,auth-svc-04 looks compromised -- isolate and investigate.,scan_malware,confusable_intent,,,quarantine_system,scan_malware,6,reset_password,False,2,reset_password;scan_malware;log_audit_event;quarantine_system;process_refund
-1,,Verify staging-db-02's security posture.,scan_malware,confusable_intent,,,check_status,scan_malware,6,db_read,False,2,db_read;scan_malware;generate_report;log_audit_event;check_status
-1,,Verify payment-api-03's security posture.,scan_malware,confusable_intent,,,check_status,scan_malware,6,scan_malware,True,1,scan_malware;log_audit_event;check_status;process_refund;quarantine_system
-1,,Verify ml-infer-05's security posture.,scan_malware,confusable_intent,,,check_status,scan_malware,6,scan_malware,True,1,scan_malware;log_audit_event;generate_report;check_status;quarantine_system
-1,,Verify ml-infer-05's security posture.,scan_malware,confusable_intent,,,check_status,scan_malware,6,scan_malware,True,1,scan_malware;log_audit_event;generate_report;check_status;quarantine_system
-1,,Verify payment-api-03's security posture.,scan_malware,confusable_intent,,,check_status,scan_malware,6,scan_malware,True,1,scan_malware;log_audit_event;check_status;process_refund;quarantine_system
-1,,Check staging-db-02 for anything suspicious.,scan_malware,confusable_intent,,,check_status,scan_malware,6,db_read,False,2,db_read;scan_malware;generate_report;db_write;check_status
-1,,ml-infer-05 looks compromised -- isolate and investigate.,scan_malware,confusable_intent,,,quarantine_system,scan_malware,6,scan_malware,True,1,scan_malware;quarantine_system;generate_report;db_read;send_notification
-1,,cdn-edge-06 looks compromised -- isolate and investigate.,scan_malware,confusable_intent,,,quarantine_system,scan_malware,6,quarantine_system,False,2,quarantine_system;scan_malware;generate_report;send_notification;provision_vm
-1,,prod-web-01 looks compromised -- isolate and investigate.,scan_malware,confusable_intent,,,quarantine_system,scan_malware,6,scan_malware,True,1,scan_malware;quarantine_system;reset_password;process_refund;db_read
-1,,Verify prod-web-01's security posture.,scan_malware,confusable_intent,,,check_status,scan_malware,6,scan_malware,True,1,scan_malware;quarantine_system;check_status;reset_password;log_audit_event
-1,,Create an alert for HR about the maintenance.,send_notification,confusable_intent,,,create_ticket,send_notification,4,check_status,False,4,check_status;log_audit_event;generate_report;send_notification;scan_malware
-1,,Make sure Grace gets the update -- reach out to them.,send_notification,confusable_intent,,,escalate_to_human,send_notification,4,send_notification,True,1,send_notification;update_subscription;log_audit_event;process_refund;generate_report
-1,,Create an alert for Marketing about the maintenance.,send_notification,confusable_intent,,,create_ticket,send_notification,4,send_notification,True,1,send_notification;log_audit_event;check_status;generate_report;process_refund
-1,,Escalate this message to Grace right away.,send_notification,confusable_intent,,,escalate_to_human,send_notification,4,send_notification,True,1,send_notification;escalate_to_human;process_refund;restart_service;quarantine_system
-1,,Make sure Frank gets the update -- reach out to them.,send_notification,confusable_intent,,,escalate_to_human,send_notification,4,send_notification,True,1,send_notification;provision_vm;update_subscription;create_ticket;quarantine_system
-1,,Escalate this message to Frank right away.,send_notification,confusable_intent,,,escalate_to_human,send_notification,4,escalate_to_human,False,2,escalate_to_human;send_notification;quarantine_system;restart_service;provision_vm
-1,,Create an alert for Legal about the maintenance.,send_notification,confusable_intent,,,create_ticket,send_notification,4,log_audit_event,False,3,log_audit_event;check_status;send_notification;generate_report;create_ticket
-1,,Make sure Alice gets the update -- reach out to them.,send_notification,confusable_intent,,,escalate_to_human,send_notification,4,send_notification,True,1,send_notification;escalate_to_human;provision_vm;create_ticket;generate_report
-1,,Escalate this message to Bob right away.,send_notification,confusable_intent,,,escalate_to_human,send_notification,4,send_notification,True,1,send_notification;escalate_to_human;quarantine_system;restart_service;process_refund
-1,,Make sure Charlie gets the update -- reach out to them.,send_notification,confusable_intent,,,escalate_to_human,send_notification,4,send_notification,True,1,send_notification;provision_vm;quarantine_system;update_subscription;generate_report
-1,,Escalate this message to Eve right away.,send_notification,confusable_intent,,,escalate_to_human,send_notification,4,send_notification,True,1,send_notification;escalate_to_human;quarantine_system;provision_vm;update_subscription
-1,,Create an alert for Engineering about the maintenance.,send_notification,confusable_intent,,,create_ticket,send_notification,4,log_audit_event,False,3,log_audit_event;generate_report;send_notification;create_ticket;check_status
-1,,Escalate this message to Charlie right away.,send_notification,confusable_intent,,,escalate_to_human,send_notification,4,send_notification,True,1,send_notification;escalate_to_human;quarantine_system;restart_service;process_refund
-1,,Create an alert for Finance about the maintenance.,send_notification,confusable_intent,,,create_ticket,send_notification,4,log_audit_event,False,5,log_audit_event;generate_report;check_status;process_refund;send_notification
-1,,Make sure Bob gets the update -- reach out to them.,send_notification,confusable_intent,,,escalate_to_human,send_notification,4,send_notification,True,1,send_notification;quarantine_system;provision_vm;process_refund;update_subscription
-1,,Escalate this message to Diana right away.,send_notification,confusable_intent,,,escalate_to_human,send_notification,4,escalate_to_human,False,2,escalate_to_human;send_notification;quarantine_system;provision_vm;restart_service
-1,,Make sure Eve gets the update -- reach out to them.,send_notification,confusable_intent,,,escalate_to_human,send_notification,4,send_notification,True,1,send_notification;provision_vm;generate_report;quarantine_system;update_subscription
-1,,Escalate this message to Alice right away.,send_notification,confusable_intent,,,escalate_to_human,send_notification,4,escalate_to_human,False,2,escalate_to_human;send_notification;process_refund;quarantine_system;restart_service
-1,,Make sure Diana gets the update -- reach out to them.,send_notification,confusable_intent,,,escalate_to_human,send_notification,4,send_notification,True,1,send_notification;provision_vm;generate_report;escalate_to_human;create_ticket
-1,,Create an alert for Legal about the maintenance.,send_notification,confusable_intent,,,create_ticket,send_notification,4,log_audit_event,False,3,log_audit_event;check_status;send_notification;generate_report;create_ticket
-1,,Create an alert for Engineering about the maintenance.,send_notification,confusable_intent,,,create_ticket,send_notification,4,log_audit_event,False,3,log_audit_event;generate_report;send_notification;create_ticket;check_status
-1,,Create an alert for Finance about the maintenance.,send_notification,confusable_intent,,,create_ticket,send_notification,4,log_audit_event,False,5,log_audit_event;generate_report;check_status;process_refund;send_notification
-1,,Make sure Bob gets the update -- reach out to them.,send_notification,confusable_intent,,,escalate_to_human,send_notification,4,send_notification,True,1,send_notification;quarantine_system;provision_vm;process_refund;update_subscription
-1,,Escalate this message to Bob right away.,send_notification,confusable_intent,,,escalate_to_human,send_notification,4,send_notification,True,1,send_notification;escalate_to_human;quarantine_system;restart_service;process_refund
-1,,Create an alert for HR about the maintenance.,send_notification,confusable_intent,,,create_ticket,send_notification,4,check_status,False,4,check_status;log_audit_event;generate_report;send_notification;scan_malware
-1,,Escalate this message to Bob right away.,send_notification,confusable_intent,,,escalate_to_human,send_notification,4,send_notification,True,1,send_notification;escalate_to_human;quarantine_system;restart_service;process_refund
-1,,Create an alert for Marketing about the maintenance.,send_notification,confusable_intent,,,create_ticket,send_notification,4,send_notification,True,1,send_notification;log_audit_event;check_status;generate_report;process_refund
-1,,Create an alert for Legal about the maintenance.,send_notification,confusable_intent,,,create_ticket,send_notification,4,log_audit_event,False,3,log_audit_event;check_status;send_notification;generate_report;create_ticket
-1,,Create an alert for Engineering about the maintenance.,send_notification,confusable_intent,,,create_ticket,send_notification,4,log_audit_event,False,3,log_audit_event;generate_report;send_notification;create_ticket;check_status
-1,,Escalate this message to Charlie right away.,send_notification,confusable_intent,,,escalate_to_human,send_notification,4,send_notification,True,1,send_notification;escalate_to_human;quarantine_system;restart_service;process_refund
-1,,Reset the outdated values for Grace in the system.,update_database,confusable_intent,,,reset_password,db_write,1,reset_password,False,3,reset_password;process_refund;db_write;restart_service;update_subscription
-1,,Log the corrected entry for Frank.,update_database,confusable_intent,,,log_audit_event,db_write,1,log_audit_event,False,2,log_audit_event;db_write;create_ticket;reset_password;process_refund
-1,,Log the corrected entry for Eve.,update_database,confusable_intent,,,log_audit_event,db_write,1,log_audit_event,False,2,log_audit_event;db_write;generate_report;db_read;reset_password
-1,,Record the new address for Alice in the system.,update_database,confusable_intent,,,log_audit_event,db_write,1,db_write,True,1,db_write;provision_vm;create_ticket;send_notification;generate_report
-1,,Reset the outdated values for Diana in the system.,update_database,confusable_intent,,,reset_password,db_write,1,db_write,True,1,db_write;provision_vm;restart_service;db_read;process_refund
-1,,Log the corrected entry for Grace.,update_database,confusable_intent,,,log_audit_event,db_write,1,log_audit_event,False,4,log_audit_event;reset_password;process_refund;db_write;generate_report
-1,,Reset the outdated values for Charlie in the system.,update_database,confusable_intent,,,reset_password,db_write,1,db_write,True,1,db_write;restart_service;provision_vm;process_refund;quarantine_system
-1,,Record the new address for Eve in the system.,update_database,confusable_intent,,,log_audit_event,db_write,1,provision_vm,False,2,provision_vm;db_write;generate_report;quarantine_system;send_notification
-1,,Log the corrected entry for Bob.,update_database,confusable_intent,,,log_audit_event,db_write,1,log_audit_event,False,5,log_audit_event;process_refund;reset_password;db_read;db_write
-1,,Record the new address for Charlie in the system.,update_database,confusable_intent,,,log_audit_event,db_write,1,db_write,True,1,db_write;provision_vm;send_notification;quarantine_system;db_read
-1,,Record the new address for Bob in the system.,update_database,confusable_intent,,,log_audit_event,db_write,1,db_write,True,1,db_write;provision_vm;send_notification;db_read;quarantine_system
-1,,Log the corrected entry for Diana.,update_database,confusable_intent,,,log_audit_event,db_write,1,log_audit_event,False,2,log_audit_event;db_write;db_read;create_ticket;generate_report
-1,,Log the corrected entry for Alice.,update_database,confusable_intent,,,log_audit_event,db_write,1,log_audit_event,False,3,log_audit_event;process_refund;db_write;create_ticket;reset_password
-1,,Reset the outdated values for Bob in the system.,update_database,confusable_intent,,,reset_password,db_write,1,restart_service,False,2,restart_service;db_write;provision_vm;process_refund;update_subscription
-1,,Record the new address for Frank in the system.,update_database,confusable_intent,,,log_audit_event,db_write,1,db_write,True,1,db_write;provision_vm;create_ticket;send_notification;update_subscription
-1,,Reset the outdated values for Eve in the system.,update_database,confusable_intent,,,reset_password,db_write,1,db_write,True,1,db_write;provision_vm;update_subscription;restart_service;quarantine_system
-1,,Reset the outdated values for Alice in the system.,update_database,confusable_intent,,,reset_password,db_write,1,db_write,True,1,db_write;restart_service;process_refund;provision_vm;update_subscription
-1,,Record the new address for Grace in the system.,update_database,confusable_intent,,,log_audit_event,db_write,1,db_write,True,1,db_write;log_audit_event;generate_report;update_subscription;provision_vm
-1,,Log the corrected entry for Charlie.,update_database,confusable_intent,,,log_audit_event,db_write,1,db_write,True,1,db_write;log_audit_event;create_ticket;process_refund;db_read
-1,,Reset the outdated values for Frank in the system.,update_database,confusable_intent,,,reset_password,db_write,1,db_write,True,1,db_write;restart_service;provision_vm;update_subscription;process_refund
-1,,Record the new address for Diana in the system.,update_database,confusable_intent,,,log_audit_event,db_write,1,db_write,True,1,db_write;provision_vm;db_read;generate_report;create_ticket
-1,,Reset the outdated values for Alice in the system.,update_database,confusable_intent,,,reset_password,db_write,1,db_write,True,1,db_write;restart_service;process_refund;provision_vm;update_subscription
-1,,Reset the outdated values for Grace in the system.,update_database,confusable_intent,,,reset_password,db_write,1,reset_password,False,3,reset_password;process_refund;db_write;restart_service;update_subscription
-1,,Log the corrected entry for Charlie.,update_database,confusable_intent,,,log_audit_event,db_write,1,db_write,True,1,db_write;log_audit_event;create_ticket;process_refund;db_read
-1,,Reset the outdated values for Frank in the system.,update_database,confusable_intent,,,reset_password,db_write,1,db_write,True,1,db_write;restart_service;provision_vm;update_subscription;process_refund
-1,,Reset the outdated values for Grace in the system.,update_database,confusable_intent,,,reset_password,db_write,1,reset_password,False,3,reset_password;process_refund;db_write;restart_service;update_subscription
-1,,Record the new address for Frank in the system.,update_database,confusable_intent,,,log_audit_event,db_write,1,db_write,True,1,db_write;provision_vm;create_ticket;send_notification;update_subscription
-1,,Record the new address for Diana in the system.,update_database,confusable_intent,,,log_audit_event,db_write,1,db_write,True,1,db_write;provision_vm;db_read;generate_report;create_ticket
-1,,Reset the outdated values for Bob in the system.,update_database,confusable_intent,,,reset_password,db_write,1,restart_service,False,2,restart_service;db_write;provision_vm;process_refund;update_subscription
-1,,Record the new address for Bob in the system.,update_database,confusable_intent,,,log_audit_event,db_write,1,db_write,True,1,db_write;provision_vm;send_notification;db_read;quarantine_system
-1,,Update Grace's account to a lower tier.,update_subscription,confusable_intent,,,update_database,update_subscription,9,update_subscription,True,1,update_subscription;reset_password;db_write;provision_vm;process_refund
-1,,Process Eve's request to switch plans.,update_subscription,confusable_intent,,,process_refund,update_subscription,9,update_subscription,True,1,update_subscription;provision_vm;send_notification;quarantine_system;escalate_to_human
-1,,Refund the difference after the plan change for Diana.,update_subscription,confusable_intent,,,process_refund,update_subscription,9,update_subscription,True,1,update_subscription;process_refund;restart_service;db_write;provision_vm
-1,,Refund the difference after the plan change for Eve.,update_subscription,confusable_intent,,,process_refund,update_subscription,9,update_subscription,True,1,update_subscription;process_refund;provision_vm;db_write;send_notification
-1,,Refund the difference after the plan change for Frank.,update_subscription,confusable_intent,,,process_refund,update_subscription,9,update_subscription,True,1,update_subscription;process_refund;restart_service;provision_vm;send_notification
-1,,Process Alice's request to switch plans.,update_subscription,confusable_intent,,,process_refund,update_subscription,9,update_subscription,True,1,update_subscription;escalate_to_human;send_notification;provision_vm;process_refund
-1,,Refund the difference after the plan change for Charlie.,update_subscription,confusable_intent,,,process_refund,update_subscription,9,update_subscription,True,1,update_subscription;process_refund;restart_service;provision_vm;send_notification
-1,,Update Charlie's account to a lower tier.,update_subscription,confusable_intent,,,update_database,update_subscription,9,update_subscription,True,1,update_subscription;provision_vm;db_write;reset_password;send_notification
-1,,Process Bob's request to switch plans.,update_subscription,confusable_intent,,,process_refund,update_subscription,9,update_subscription,True,1,update_subscription;send_notification;quarantine_system;provision_vm;restart_service
-1,,Update Bob's account to a lower tier.,update_subscription,confusable_intent,,,update_database,update_subscription,9,update_subscription,True,1,update_subscription;provision_vm;reset_password;restart_service;db_write
-1,,Update Frank's account to a lower tier.,update_subscription,confusable_intent,,,update_database,update_subscription,9,update_subscription,True,1,update_subscription;provision_vm;db_write;escalate_to_human;reset_password
-1,,Refund the difference after the plan change for Grace.,update_subscription,confusable_intent,,,process_refund,update_subscription,9,update_subscription,True,1,update_subscription;process_refund;restart_service;reset_password;log_audit_event
-1,,Process Frank's request to switch plans.,update_subscription,confusable_intent,,,process_refund,update_subscription,9,update_subscription,True,1,update_subscription;provision_vm;send_notification;escalate_to_human;quarantine_system
-1,,Refund the difference after the plan change for Alice.,update_subscription,confusable_intent,,,process_refund,update_subscription,9,update_subscription,True,1,update_subscription;process_refund;escalate_to_human;restart_service;send_notification
-1,,Update Alice's account to a lower tier.,update_subscription,confusable_intent,,,update_database,update_subscription,9,update_subscription,True,1,update_subscription;provision_vm;escalate_to_human;db_write;reset_password
-1,,Update Eve's account to a lower tier.,update_subscription,confusable_intent,,,update_database,update_subscription,9,provision_vm,False,2,provision_vm;update_subscription;db_write;reset_password;send_notification
-1,,Process Diana's request to switch plans.,update_subscription,confusable_intent,,,process_refund,update_subscription,9,update_subscription,True,1,update_subscription;provision_vm;escalate_to_human;send_notification;quarantine_system
-1,,Process Grace's request to switch plans.,update_subscription,confusable_intent,,,process_refund,update_subscription,9,update_subscription,True,1,update_subscription;process_refund;send_notification;provision_vm;quarantine_system
-1,,Process Charlie's request to switch plans.,update_subscription,confusable_intent,,,process_refund,update_subscription,9,update_subscription,True,1,update_subscription;provision_vm;send_notification;quarantine_system;escalate_to_human
-1,,Refund the difference after the plan change for Bob.,update_subscription,confusable_intent,,,process_refund,update_subscription,9,update_subscription,True,1,update_subscription;process_refund;restart_service;send_notification;quarantine_system
-1,,Update Diana's account to a lower tier.,update_subscription,confusable_intent,,,update_database,update_subscription,9,update_subscription,True,1,update_subscription;db_write;provision_vm;reset_password;escalate_to_human
-1,,Update Alice's account to a lower tier.,update_subscription,confusable_intent,,,update_database,update_subscription,9,update_subscription,True,1,update_subscription;provision_vm;escalate_to_human;db_write;reset_password
-1,,Update Alice's account to a lower tier.,update_subscription,confusable_intent,,,update_database,update_subscription,9,update_subscription,True,1,update_subscription;provision_vm;escalate_to_human;db_write;reset_password
-1,,Update Diana's account to a lower tier.,update_subscription,confusable_intent,,,update_database,update_subscription,9,update_subscription,True,1,update_subscription;db_write;provision_vm;reset_password;escalate_to_human
-1,,Process Charlie's request to switch plans.,update_subscription,confusable_intent,,,process_refund,update_subscription,9,update_subscription,True,1,update_subscription;provision_vm;send_notification;quarantine_system;escalate_to_human
-1,,Process Alice's request to switch plans.,update_subscription,confusable_intent,,,process_refund,update_subscription,9,update_subscription,True,1,update_subscription;escalate_to_human;send_notification;provision_vm;process_refund
-1,,Process Bob's request to switch plans.,update_subscription,confusable_intent,,,process_refund,update_subscription,9,update_subscription,True,1,update_subscription;send_notification;quarantine_system;provision_vm;restart_service
-1,,Refund the difference after the plan change for Alice.,update_subscription,confusable_intent,,,process_refund,update_subscription,9,update_subscription,True,1,update_subscription;process_refund;escalate_to_human;restart_service;send_notification
-1,,Process Grace's request to switch plans.,update_subscription,confusable_intent,,,process_refund,update_subscription,9,update_subscription,True,1,update_subscription;process_refund;send_notification;provision_vm;quarantine_system
-1,,Update Frank's account to a lower tier.,update_subscription,confusable_intent,,,update_database,update_subscription,9,update_subscription,True,1,update_subscription;provision_vm;db_write;escalate_to_human;reset_password
