canonical_dag_hash,action_label,gps_adapter_pca_x,gps_adapter_pca_y,gps_adapter_tsne_x,gps_adapter_tsne_y,v3_graph_pca_x,v3_graph_pca_y,v3_graph_tsne_x,v3_graph_tsne_y,sbert_document_pca_x,sbert_document_pca_y,sbert_document_tsne_x,sbert_document_tsne_y
a6ef3b9403982ff1,read,-0.45996478,0.0020753688,-3.975819,-10.792342,-0.19373775,-0.52878886,-3.6440632,-23.804047,0.1563537,-0.04036403,-12.793967,7.0329347
cdd682465be2d441,read,-0.31229147,-0.18111001,-3.9021866,-10.117061,-0.23059934,-0.410415,-4.3982644,-23.519215,0.066413246,0.007845541,-13.329001,7.1189566
d28222f94940565f,read,-0.6177082,-0.04614205,-4.693342,-10.72048,-0.29853573,-0.5823419,-3.2925482,-22.767946,0.35227737,-0.0035116929,-12.258052,6.4326615
4de18802d22fce97,read,-0.14542231,-0.6630582,-2.207388,-4.0192466,-0.3477211,0.051376056,-7.2808266,11.817261,0.20453286,-0.052682266,-18.625235,6.291635
5c482e4485817d4b,edit,0.48274505,0.32152587,16.104204,10.404761,0.80381787,-0.2513271,18.884563,0.7954066,-0.59568983,0.18855603,12.533024,-11.259427
1fbb33aa36eb6249,edit,0.49962914,0.34254855,16.31375,10.578595,0.8477583,-0.27694097,19.088345,0.3901469,-0.65007895,0.18653232,12.513119,-11.386001
4c2820922a5eff80,edit,0.65721864,0.2603463,16.734114,11.057266,0.8543556,-0.17447674,18.44834,-0.15521047,-0.60594296,0.13147807,12.0184965,-10.734051
81fb0b7c6b74cee1,read,-0.7772657,-0.123415306,-13.681394,-11.074453,-0.5124508,-0.80079204,-9.6679945,-13.377175,0.6663395,0.1913341,-12.2729225,-5.5540066
707ff5d244177886,read,-0.7757197,-0.13314603,-13.615073,-10.982261,-0.5518925,-0.7713546,-9.707528,-13.251643,0.63454795,0.19421366,-12.138578,-5.4416857
d688371ecb972ef9,read,-0.76444757,-0.12260262,-13.62783,-11.061681,-0.5293224,-0.74915105,-9.889176,-13.640199,0.62241656,0.1993398,-12.329899,-5.6395893
fee1dbdc8bd7e651,edit,0.021025263,0.45323536,-1.9634227,16.589617,0.7522702,-0.2311368,20.708363,0.13522036,-0.50907075,0.20247427,12.729484,-13.883842
579521f089402773,edit,0.5707548,-0.45502993,10.723,-3.085949,0.20237862,0.54455197,11.237881,11.385001,-0.38978344,0.3881403,4.961748,-13.7120075
d4fec711744734d5,edit,0.5667865,-0.45369098,10.2062435,-3.2554674,0.18673538,0.5333988,12.030237,10.797319,-0.35425436,0.5095614,4.8706923,-14.063429
2c1cc44a35684c9c,edit,0.56985956,-0.46080548,10.758373,-2.992808,0.21742108,0.63308406,11.046274,11.40667,-0.41715184,0.38606337,4.9870234,-13.589797
cd0e729831c63a49,edit,0.5328271,-0.47007394,10.784688,-3.1388445,0.0763053,0.6219552,10.846548,11.797869,-0.35556126,0.3592946,5.038859,-13.467224
1ebdc98d377a1a9a,orchestrate,-0.24224214,0.029606828,-21.198969,7.676743,-0.4569432,0.5643644,-20.945465,0.696924,0.29965177,-0.6679267,-8.170545,17.142067
8b78c39c577eb04a,read,-0.3357854,0.03466697,-7.3831353,-13.817219,-0.2924694,0.033053838,-8.726472,3.2348,0.19987866,0.18682557,0.18513845,-1.6220851
1cb9c050292959ee,read,-0.3784392,-0.16432594,-7.292302,-14.214982,-0.3850701,0.17705174,-8.510598,4.007815,0.31449693,0.3672121,0.16301018,-2.186257
a8759b78d47f49c2,read,-0.24767324,-0.10141244,-6.901584,-13.663957,-0.24054475,0.043542888,-8.068564,3.344412,0.23516856,0.28528234,-0.18476872,-1.7385154
74571a366640b2dc,orchestrate,0.20142223,0.09170252,24.778372,13.312488,-0.0015291892,-0.53392637,-0.15165707,-10.359295,0.057449333,-0.16480781,-22.40348,-3.7504604
edb81dd2be8c4cb5,orchestrate,0.3077986,-0.019029783,24.764832,12.9805975,0.11519422,-0.28100178,0.09753206,-9.673306,-0.092919625,-0.118825346,-22.389723,-3.3301623
49032e4d0c846f8e,read,0.31875956,-0.07334661,16.766272,-9.420916,0.12708586,0.35897368,16.559906,-15.426358,-0.16451763,-0.07319615,7.458643,-0.21946472
1a7e059abe71f5f3,read,0.4515345,-0.14505307,17.09753,-8.998538,0.25921428,0.40404254,16.340101,-16.129112,-0.2291492,-0.15065558,7.9051557,0.1016772
a7845e4393113e90,read,0.24541688,-0.009980322,17.26375,-9.683476,0.1932983,0.27308202,15.588478,-15.619011,-0.12458349,-0.14295094,7.6888824,0.03009458
a78215617346b9b0,read,0.34255365,0.02469167,17.136759,-9.574877,0.3146982,0.3357557,16.09535,-15.561543,-0.26864916,-0.14309648,7.7207336,-0.16289131
42d58a87e9c829ba,edit,0.54747385,-0.3520976,14.584661,4.732912,0.43167302,-0.059097394,15.756667,4.046897,-0.2837921,0.27669448,0.3911458,-11.58026
37c9a19cbc5ed7df,edit,0.640043,-0.36998755,14.685781,4.7238283,0.4969605,0.13915552,15.277023,4.813328,-0.28763452,0.24633196,0.40890965,-11.621857
8e4ebd60ae170640,edit,0.5680734,-0.34835628,14.608058,4.7019963,0.5577608,0.18692988,15.023933,4.4986973,-0.34540448,0.337379,0.6604972,-11.481918
022ac2957b00a9f8,read,-0.23070179,-0.34742713,-0.012067203,-12.740692,-0.42311794,-0.28901723,-9.986033,20.218773,0.27803826,0.4081773,-10.810214,-8.76627
46cdbba07c6cd6ea,read,-0.14955147,-0.35493132,0.37615114,-12.689287,-0.46312365,-0.31406814,-10.031683,20.05975,0.1947053,0.4301486,-10.656193,-8.878712
715d26c3240e88d0,read,-0.53975844,0.38174933,-25.283524,-1.7056541,-0.4939058,0.01361223,-18.165567,-5.982274,0.37564796,-0.6102391,-2.7946177,18.136179
26e8b3c3559f9253,read,-0.18593791,-0.31020677,-8.722229,-19.269129,-0.5587976,0.33124387,-18.886894,15.709801,0.19047385,0.43373513,-5.6624947,-3.2395272
5090a5642b63480c,read,-0.12224836,-0.3079079,-8.748414,-19.477724,-0.50703377,0.32370654,-18.495548,16.241142,0.11147283,0.4700696,-5.6835084,-3.5242538
84376a9df76d91ee,edit,0.35474184,0.31877697,12.971852,12.221555,0.39449695,0.0042734765,26.73689,-6.7331743,-0.33607632,0.1911485,7.058389,-19.694637
5d2288f8d4569e0b,edit,0.45844755,0.21429197,13.026807,12.232921,0.4209995,-0.0093210945,26.750814,-6.467754,-0.38828215,0.2566378,7.027537,-19.686506
15a663ab3a69cfd5,read,-0.29016837,-0.30878958,-6.7745934,-18.934582,-0.4915627,0.26328012,-20.993391,15.665575,0.23450635,0.45567173,-8.115604,-5.624154
6028909955b850db,read,-0.19446786,-0.43449846,-7.0114326,-19.5529,-0.55690336,0.34383306,-20.455305,15.4742155,0.2508832,0.40118507,-7.827731,-5.1906133
2d120431ec895873,read,-0.29789802,-0.32716686,-6.83441,-19.133347,-0.51955307,0.17963418,-20.600193,15.88541,0.23345216,0.42611602,-8.162221,-5.6665807
854a9971e96c3a89,read,-0.37211192,-0.29141515,-7.236138,-19.180784,-0.55818707,0.14216565,-21.017332,14.893758,0.3067647,0.40252393,-8.135392,-5.4198756
ef48c824fa1f6076,edit,0.045272753,0.004001591,9.330556,13.147122,-0.35939404,-0.28224248,-6.361998,22.518057,0.203559,0.4230283,-9.545611,-12.91245
0d4d69beadd73c60,read,-0.4092876,-0.28301376,8.327546,-17.529114,-0.5405416,0.07575447,-3.0043285,12.95919,0.32327756,-0.18341139,4.247822,4.59073
9d79207141a05e4f,read,-0.45099553,-0.17898989,8.621245,-17.54138,-0.42647636,-0.018049864,-2.467239,13.2461405,0.40445605,-0.18273091,3.645788,4.7809715
beb163964d63094c,read,-0.24625422,-0.445198,9.2282915,-18.478422,-0.5274154,-0.007178541,-3.666351,12.149879,0.33950052,-0.16936192,4.5284925,4.9624867
9b33ecb57f1cfa95,edit,0.24148522,0.4155699,-0.37558448,12.6003065,0.5923698,0.20704003,20.15229,-11.574524,-0.5708458,-0.20881045,15.657164,-6.338934
664bc3c87078eddc,edit,0.2963675,0.39652735,-0.018152079,12.33194,0.6289711,0.24161814,19.90736,-11.057188,-0.64402604,-0.18980171,15.021161,-6.5047755
2bc9f6ddfd96b458,edit,0.46196392,0.2307738,0.736598,12.142899,0.6983488,0.22555448,19.218603,-10.288326,-0.67408144,-0.0531248,15.110896,-7.632948
15a2d5e30d354b45,edit,0.2939766,0.48522592,5.238769,20.924433,0.5157292,-0.043377005,21.215752,-6.178058,-0.4347023,0.086157724,5.971951,-4.372182
fca207e65f7cdbb8,edit,0.32991928,0.32597277,5.027706,21.386095,0.45812252,0.016795205,21.298557,-6.807316,-0.34477526,-0.072962195,6.0736427,-3.992922
ed45cd799aa1d1e4,edit,0.2649652,0.12294099,4.812937,21.202152,0.2997455,0.20621042,20.344492,-6.7623425,-0.20393932,0.15972999,5.642416,-3.8619301
7d67f8d05a2fd13e,edit,0.35663694,0.42847136,5.0762124,20.905867,0.54120886,-0.051596586,21.174582,-6.184744,-0.4079538,0.12806904,5.9312086,-4.5017824
2dbdb609e5af0873,edit,-0.17828843,-0.46495342,-3.6877081,1.9481882,0.0068761096,-0.07627747,-0.26579458,4.8242836,0.19901305,0.308652,-4.060964,-10.328898
b4220fdc4cf38668,edit,-0.10753345,-0.44012204,-3.606312,1.9586904,0.06536482,-0.12790397,0.22598286,4.882213,0.21396959,0.296899,-4.058693,-10.390137
a1c0397ec9ab4764,read,-0.43011972,0.34222597,-27.799217,-2.1364014,-0.38136584,-0.06225036,-15.960903,-7.790425,0.44291243,-0.46539903,-4.1241217,15.015325
b94bd8aaed45c5e0,read,-0.50344306,0.23142157,-27.978163,-2.7727635,-0.4454088,-0.29146796,-15.558446,-8.446939,0.48143357,-0.42474514,-4.1386104,14.932198
7a3d89fdcc1950b8,edit,0.17335837,0.5183355,17.82326,15.911867,0.5457511,-0.3921677,6.6823306,-16.43773,-0.377777,-0.22395569,11.264563,-6.8719277
3735fd0d5f3ef6b6,edit,0.071096465,0.45347077,17.858585,16.009108,0.36160305,-0.66131127,5.5822277,-16.6526,-0.22700402,-0.17882593,10.963138,-6.5918384
1e9db1be863a7a5b,edit,0.3128711,0.51740503,18.020193,15.321694,0.49295253,-0.32341003,6.9394627,-16.273878,-0.46700647,-0.24388383,11.390001,-7.1386986
36ccfd3f5b9f46b0,edit,0.39669,0.51497203,18.09826,14.618079,0.5474547,-0.35725653,6.580996,-15.600431,-0.39686128,-0.22170049,10.911228,-7.1186075
689baf93dda20236,edit,0.05306403,-0.22510165,5.0063667,-3.3009808,0.13610093,-0.077620864,13.866413,8.3951025,-0.22020687,0.43010536,3.3226,-17.192257
9f4824bdaca5c8de,edit,0.07844543,-0.2603008,5.2300606,-3.383098,0.10873047,-0.028842859,13.955166,9.123204,-0.2344453,0.46631888,3.610249,-17.439545
a3c5b1042bb96ec4,edit,0.035367414,-0.20895498,4.951887,-3.195657,0.15358473,-0.20819516,13.610951,8.3281555,-0.20584677,0.34656274,3.1787438,-17.070913
409a75f0e8999bf1,edit,0.32167265,-0.19212969,6.07422,-1.8166213,0.37006268,0.08838796,15.302804,7.923634,-0.26013917,0.35303998,3.451823,-16.655828
2003c6ab27a3281f,read,-0.5265425,-0.04237943,-8.917255,-12.3950615,-0.23014699,-0.5399485,-8.293715,-1.0178777,0.3480902,0.2507966,-1.1939212,-0.4047784
97ddb68b347a650a,read,-0.54713565,0.015551671,-8.746702,-12.617042,-0.20964286,-0.45947197,-7.6531816,-0.33103126,0.43072724,0.14308235,-1.8524153,-0.32839304
41281b91358af8ae,read,-0.47875965,-0.09595097,-8.987002,-12.621646,-0.28331512,-0.4944519,-8.668,-0.9441131,0.36183685,0.30061862,-1.0665864,-0.38451937
5448dc9dbec4fd05,read,-0.2632211,-0.31911004,-9.872854,-12.789101,-0.19566923,-0.44021538,-8.765785,-0.24964827,0.3389025,0.31993017,-0.90982366,-0.66528666
8386a349ef0bcfa4,read,0.25996992,-0.118614815,20.483892,-8.606942,0.37384003,0.08276498,12.719322,-14.848121,-0.2739355,-0.26601082,-15.048165,10.119013
f14b8224c65b7e44,read,0.1298957,-0.08683759,20.557178,-9.229329,0.29207602,-0.19221552,12.123154,-15.745876,-0.17027919,-0.26604494,-14.590159,9.888932
557501e1069bcd63,read,0.2739984,-0.11470172,20.38942,-8.770878,0.30331218,0.043346055,12.863182,-14.97215,-0.26643592,-0.3072108,-15.073134,10.285397
9d166c0b94783777,edit,0.67463017,-0.0010925212,12.636492,-1.4246913,0.5821486,0.43154564,12.346829,0.73703444,-0.6513702,0.2794246,11.112825,-17.486406
f0635e03f8bc9071,edit,0.7659148,-0.08165326,13.749918,-1.6735548,0.5978434,0.4343556,12.3922825,-0.57135516,-0.6344034,0.09309217,11.5116415,-17.770554
b874ce6c1e78e0b2,edit,0.68994534,-0.03422194,12.758623,-1.3987958,0.55975527,0.48718777,12.122825,0.4912099,-0.69046086,0.24180442,11.210564,-17.269623
979e8c171818add6,read,-0.11299493,-0.5512569,-15.596142,4.8739424,-0.60688853,0.55812633,-22.354763,4.820966,0.43153676,-0.08061767,-7.3833113,12.143109
5567c602ba5fb3c3,orchestrate,0.27648652,0.33071068,-18.69135,12.973488,0.20242724,0.6595445,6.475882,-2.2821152,-0.24083276,-0.44448507,9.06553,21.175812
bbcee0276e47f908,orchestrate,0.3433061,0.21417548,-18.342705,13.407351,0.31591415,0.61165404,7.2455873,-2.0290415,-0.32623404,-0.2923624,10.145029,20.66218
e9abb57fa36c4e40,orchestrate,0.25936177,0.29156458,-19.048223,12.760196,0.19549517,0.65944374,5.5640497,-2.8283978,-0.2641135,-0.4072615,9.655555,21.650005
11c7c7039adc2afc,edit,0.15520313,-0.13572893,2.5368242,7.3597608,-0.092112325,-0.17717871,-0.39743927,21.469353,0.12574024,0.23070888,-6.6804156,-20.885082
37c275e307a95254,read,-0.17777376,-0.39398238,-17.46496,4.1450634,-0.6369943,0.24158391,-20.573845,5.1210823,0.5527917,-0.041841578,-5.6372147,10.007083
b02895742fc024dc,read,-0.11677105,-0.33250305,-17.671131,4.2858496,-0.62508774,0.214439,-20.37766,4.5045505,0.5410523,-0.1723829,-5.5730605,10.077237
42f3e668d608812e,read,-0.44601446,0.46815348,-5.969189,7.6299033,0.13925949,-0.191993,21.121302,-17.919073,-0.105279446,-0.23964113,19.389837,-1.6156545
e77c23a1d2d3b865,read,-0.3890838,0.33590838,-5.2504826,7.8522005,0.00242367,-0.10577348,19.73821,-18.388947,-0.041507687,-0.19544679,19.38934,-1.3804159
8577c46a60b6173d,read,-0.39514735,0.46270373,-5.913265,7.684971,0.0077513424,-0.15807138,20.9331,-18.04637,-0.10778876,-0.29156834,19.531525,-1.8171821
7cfd693079defbdd,edit,0.061680775,-0.39221436,-3.823529,-5.4144,-0.20909771,-0.4199195,-6.5630064,-17.811205,0.076994106,-0.059692867,-17.713781,4.774428
21822e4edc552d78,edit,-0.01926012,-0.41047403,-4.1783104,-5.281857,-0.27463636,-0.5352268,-6.2613773,-17.512705,0.24143064,-0.02386283,-17.987179,4.2548156
0f063d5917f88edb,edit,0.043944508,-0.4158886,-3.9880855,-5.3907433,-0.24038233,-0.4500353,-6.2303405,-16.944025,0.1676002,-0.05028831,-17.872234,4.297107
6bb3a4292b9ac9fe,orchestrate,0.2750961,0.29912946,-17.937418,13.26619,0.29998207,0.63950187,7.1230025,-1.273519,-0.3017595,-0.35033637,9.941202,21.020395
be72b9e741e95d35,orchestrate,0.24900149,0.34059262,-18.56592,11.94395,0.11830069,0.66759723,5.8439584,-2.1283767,-0.25660244,-0.4061477,9.287764,21.301617
8c9fc1c0d3ba568b,edit,-0.20662414,-0.5867019,2.155676,-9.045029,-0.6042556,0.056531142,-10.4169235,15.62192,0.45113236,0.36147776,-13.070861,-15.338772
5fc14dd254b0b845,edit,-0.2905452,-0.6389233,2.087584,-8.95887,-0.6246401,-0.046648186,-10.59727,15.372066,0.48223156,0.32803565,-13.097716,-15.362278
39656968fa69755a,edit,-0.017430795,0.486094,0.35582605,16.155552,0.66168875,-0.10271488,22.512903,-0.16696815,-0.39606798,0.06987199,14.727559,-15.227428
701a45bf9f8f2a31,edit,0.12816305,0.41371283,-0.04531816,16.423834,0.68175614,-0.0051829484,21.984951,0.27313358,-0.42495927,0.13187313,14.421764,-15.017768
010b8237c9c1823d,edit,0.044487122,0.49197343,0.3218075,16.26853,0.66477484,-0.16326794,22.109266,-0.2387921,-0.3565307,0.0163388,14.9165325,-15.317274
484fe5a63f552f9a,edit,0.046718553,0.46200958,0.20931536,16.568584,0.62580645,-0.12674354,22.12297,-0.938581,-0.33339855,0.02559957,14.90857,-15.289775
463adb50aeaa510b,read,-0.2426006,0.03842944,-3.4404535,-11.014533,-0.055872906,-0.14968789,-3.9358284,-24.381096,-0.012216837,-0.108245485,-13.03133,7.9346595
4c81361a5cfb9876,edit,0.11540977,0.42933673,18.752653,15.856733,0.44488776,-0.6228077,5.8825,-17.468708,-0.25887364,-0.21266708,10.2163725,-6.5066686
84e14c9956121252,edit,0.11012322,0.17696,-1.7114995,7.3612223,0.46723258,0.114586815,17.780575,9.630813,-0.44868207,0.23583816,9.71693,-15.801466
a662c3d84e32398b,edit,0.40267044,-0.09897761,-3.1891654,16.64394,0.5104636,0.07028472,14.664925,3.1936307,-0.4309786,0.3789488,2.1643171,-10.481196
28304d862521b3ec,read,-0.50660795,-0.19494201,-8.058525,-17.731174,-0.6906304,0.12724212,-19.471323,14.783679,0.35310212,0.3161209,-6.8059087,-2.3901715
c0bedcbe0ed9d6db,edit,0.16748236,-0.5446347,7.978966,-2.6251686,-0.104974724,0.5027278,13.265989,11.165067,-0.07604593,0.46042717,5.707342,-15.168248
3a78841ddfa4e25e,orchestrate,-0.12897034,0.11175042,-23.178452,8.856567,-0.24784613,0.4636108,-22.857122,-0.6285834,0.17493223,-0.56884575,-2.1488116,24.411339
68dcaf9fab00b7ed,read,-0.64075255,0.3342043,-11.073695,-7.28604,-0.18642354,-0.6215724,0.097169496,-22.607988,0.20890191,-0.100220755,16.321663,-0.8904814
b1399c961d75415a,edit,0.40822145,-0.14382523,10.221889,12.4344845,-0.028608747,-0.22279836,-7.1658683,23.93291,0.1549944,0.29963365,-11.170681,-11.923612
67e14a6e9798f411,edit,0.46026447,0.35655445,22.752268,14.085605,0.5350093,-0.38453874,1.6149606,-11.602478,-0.40364164,-0.18003896,10.99418,0.27641928
aadbb43fd13eccc7,read,-0.4093129,0.20388132,-10.296281,-6.144247,0.15288448,-0.47017276,1.8672528,-24.013985,0.063754566,0.33627892,0.8303572,-17.877039
ad619cac85d88a99,read,-0.23859125,-0.027368177,-19.595427,1.1856636,-0.59656477,0.51794374,-24.101269,6.2998924,0.36066368,-0.103282996,-5.336891,6.4336267
27d3d0215964198a,read,-0.07320068,0.056463916,-15.8712635,1.1113156,-0.35914823,0.5375036,-24.021006,8.088091,-0.01795848,-0.17285442,-1.6756653,4.091091
02a766d2b22ca6ac,edit,0.19352576,0.30053675,-13.363278,13.320406,0.31551912,0.31066436,3.7797945,0.14477329,-0.08384294,-0.058859494,5.6147337,16.791733
5db532bcd8bf1ba0,read,-0.46771994,-0.2204454,-14.2273245,-5.281715,-0.41186357,-0.60355663,-6.6036673,-15.06738,0.5135351,0.042383276,-18.806816,2.4570572
2950a31880ad440b,orchestrate,0.102705404,0.30546325,-22.830343,8.990055,-0.16569808,0.5483406,-22.309797,-0.76210856,0.0020538,-0.81189996,-1.4304626,23.798643
5c4b6c4c11331224,read,-0.6676457,0.2298655,-11.946097,-9.159303,-0.12715028,-0.80877185,-0.10215093,-21.728264,0.11089791,-0.02361357,15.881228,-0.12376284
5ceb61f57a1f9fb9,edit,0.020848162,-0.39693293,-3.9157498,-5.5774817,-0.22272857,-0.48073432,-6.6591024,-17.209047,0.19468197,-0.0451953,-17.89539,4.3775353
5d9d2e9613f139f1,edit,0.401553,-0.2638964,-9.689289,12.721838,-0.1661606,0.5506032,4.4939046,3.7140498,0.03479626,0.040673368,2.1621099,14.633492
405b3c1d1b706665,edit,0.3628564,0.39869946,10.657423,10.152473,0.7019586,0.007131981,23.416443,-0.39053503,-0.5569012,0.12864517,11.761944,-16.532251
9565f3ecce688c20,edit,0.5803006,0.28080198,15.573291,12.769088,0.6577258,-0.09806185,8.465078,-13.147802,-0.38590068,-0.17285074,8.978894,-10.84169
b43df1e134e72d38,read,-0.5718966,-0.44678167,-10.803161,-17.323946,-0.6791699,-0.18241744,-20.765978,12.952222,0.6378981,0.5247409,-7.1374526,-0.29817197
ec4a86967f67ca7b,read,-0.10281905,0.07602716,11.328866,-14.88741,0.47696853,-0.4914713,5.633893,-22.846722,-0.13605733,0.10392512,9.963753,3.5734692
7d4c564c80f2149f,read,-0.6946836,-0.3231235,-14.188668,-13.458676,-0.83904326,-0.3017182,-11.182914,17.529846,0.6918667,0.13750845,-13.420915,-5.787539
1da50c9921207d44,read,-0.25465235,0.111103944,-8.541983,-3.223504,0.066119716,0.02937646,16.75355,11.55363,-0.08103541,0.27843133,8.703393,-15.560116
df85476889cc74be,edit,0.26911277,-0.24830759,8.006755,0.11428933,0.14370148,0.44646522,13.70437,12.845995,-0.3251535,0.1570884,6.773558,-15.780843
92e6b605196111f9,orchestrate,0.23421788,-0.2803676,11.335055,-4.1398077,0.18817794,0.5371617,9.713452,11.390133,-0.17777228,0.11257921,5.5213404,-12.214202
3130f14fd8cd93d1,edit,0.0060775178,0.027637007,3.0438654,2.0791254,0.39549842,0.12055702,21.523407,3.9466665,-0.2503244,0.4798221,2.0095575,-20.001995
ff687a2a78599e45,edit,-0.215474,0.54846287,17.8596,16.91309,0.39865506,-0.53711224,6.913521,-17.942,-0.030586496,-0.19703619,9.676755,-5.854186
2706f5163dcb6910,read,-0.40323067,-0.29484767,7.4314113,-17.531467,-0.29850817,0.08204498,-2.5373216,13.99053,0.21663074,-0.1457642,3.8493416,3.8337526
db95e8a125ea79b2,edit,0.06705625,0.42187598,-12.384443,16.674635,0.27341303,-0.4680551,0.5019582,-17.31318,-0.20303465,-0.17961723,12.564107,-4.8063216
40d35b48cfe06996,edit,-0.036455393,-0.16109587,-14.131072,-4.8214226,-0.28514984,-0.4047678,-6.542619,-15.296995,0.34490392,0.004617289,-18.775303,2.5651383
d4a86bd7f49eaf6d,read,-0.6668776,-0.2445778,-9.913597,-15.4609,-0.68970484,0.036356177,-18.27974,11.58376,0.53024554,0.2221753,-3.8639698,0.08017322
1214b7d6a22eb849,edit,0.44102123,0.27515343,-10.951745,15.197074,0.358844,0.58909553,8.823348,-0.065097384,-0.56003207,-0.043995336,6.6516547,18.556301
09a99426b009dc67,edit,0.30090466,-0.24737687,8.815765,-4.609968,-0.29335156,0.26725724,-15.814616,18.634035,0.018112764,0.39480743,-13.113839,-12.300982
9df11da8dfdc385e,read,-0.67752814,0.13804616,-20.508352,-3.7639937,-0.7195196,0.22934848,-13.655391,8.536285,0.35049897,-0.4697745,-5.470155,19.350874
c9335ea20fb598d3,read,-0.45199385,0.010799377,-14.48001,-7.6802974,-0.32104716,-0.82387,-8.076525,-13.325775,0.3440589,0.23590736,-0.92709386,-17.8689
961a9b804b44528d,edit,0.42616338,0.24103752,17.437948,8.665244,0.80784094,-0.006035005,19.183208,-1.4563954,-0.41821665,0.04312985,6.590965,-7.906042
3ce918eb47aaeab9,read,0.08479433,0.16908547,10.869916,8.803486,0.5600964,-0.17251845,22.766768,1.4269688,-0.2335944,0.012622487,15.352172,-16.349508
e5615fe89d1e0495,edit,0.544035,0.16791649,-13.433691,11.111685,0.2919702,0.45947996,2.5165823,0.08662261,-0.22900282,0.06964291,8.218049,16.209127
130a1b27d79691c4,read,-0.1132546,-0.6602649,-6.050602,-1.2113639,-0.37367538,0.27398533,-6.509517,5.399451,0.22787401,0.27767926,-0.06965644,-4.8051834
1adfe13a654cae37,edit,0.25637177,-0.12757406,9.56464,2.4169114,-0.4071502,0.633007,-26.796879,12.463814,-0.056189694,-0.18996161,18.981981,12.181956
0d4c4823367e49a2,edit,0.28873274,0.1313279,23.726576,13.881131,0.38124114,-0.4381576,0.5304584,-11.699957,0.0038113273,0.0053738127,-23.276045,-2.1331694
420ec0b89026a727,read,0.05953376,-0.6826029,10.602693,-10.404419,-0.5836111,0.32855743,-19.918755,7.2540474,0.45621556,0.3161859,-7.679085,0.6488981
5a61f162a50cfdb7,orchestrate,0.0865027,-0.08871689,-23.096432,8.924646,-0.2467596,0.61527234,-23.052776,-0.15272942,0.10473411,-0.5083538,-2.3564672,24.392372
8ad8f673d30b8b30,read,0.15021625,0.21041736,4.027873,20.12051,0.27035835,-0.10088963,21.028898,-4.8070307,-0.05473325,0.26622546,1.5624176,-1.8546392
32a3def887701dfa,read,-0.16940689,0.18854281,-16.526688,1.0579611,-0.33762583,0.5653414,-23.661755,7.5251923,0.17661838,-0.27292475,-2.613024,4.739757
dadd5fae29c94ade,edit,0.39202613,0.031919405,6.774175,11.688535,0.44485155,-0.10989209,20.788996,-3.7510011,-0.12934256,0.7060655,-6.2163634,-15.291811
a16f23c1fc7985fa,read,-0.4845647,0.39463872,-9.647565,-4.459088,0.038044665,-0.004522077,21.01247,-14.991748,0.058784794,-0.3657245,19.306707,-3.3975234
6b38fff38b5c403a,orchestrate,0.335298,-0.3807963,16.038269,-5.3801284,-0.2597207,0.74119467,-22.941206,1.9736964,-0.041021608,-0.36545756,-1.2647367,25.920944
309c086e18621763,edit,0.2174087,0.54572666,13.106296,15.234869,0.68262583,-0.45239353,19.989584,1.1505427,-0.39578742,0.21860377,13.858683,-12.192207
1c3257199b131187,read,-0.0689039,0.5542034,4.654721,14.790967,0.30326483,-0.11417505,8.6353245,-18.036139,-0.06188088,-0.42069972,14.781111,12.122552
0c8848f1b4ef163a,edit,0.5336112,-0.038161065,12.094248,0.92730224,0.1506497,0.6782783,7.4860716,-3.6520514,-0.3447387,-0.14523527,11.117998,21.21977
f0b62ebae8b3601d,read,0.124100186,-0.32182902,4.980545,9.695046,-0.14139214,-0.4195541,-9.541819,0.011696768,0.33795682,0.46647942,-8.895098,-16.807676
bb07badc92ddbe13,read,-0.00790206,-0.05834175,3.7714782,5.7061496,-0.26135615,-0.06306759,-18.293177,17.255365,0.15168361,0.47548392,-4.1376276,-17.048092
abc3511aceeb4f16,edit,0.49889085,-0.3645236,8.846714,-0.25105533,0.06279423,0.47326323,13.431704,13.1095295,-0.2095551,-0.047948387,-17.34386,-16.421434
bee03a4bea6e8f2e,edit,0.42948252,0.69907945,20.195482,11.635919,0.5460359,0.045923248,8.528787,-8.055787,-0.44321772,-0.54481465,12.763335,13.6382265
5ddf676c27d3597d,edit,0.3981878,-0.5212862,10.808825,-6.4847655,-0.50240225,0.5765143,-21.351171,5.956759,0.22976932,-0.042514898,-5.4970126,8.852712
13075da6bf56c3f0,edit,-0.17784339,0.38672638,-3.8813794,11.116325,0.336117,-0.17363793,22.30452,-13.336235,-0.23447098,0.13081406,16.205242,-11.593365
cc3665073a42f136,read,-0.40238932,0.115891576,-12.270298,-10.0774355,0.052810125,-0.5932021,-0.54790485,-19.4275,0.20385426,0.042416457,-11.65135,-4.466886
08c88fbd854c1b6c,edit,0.14253488,0.48781595,7.517303,17.881563,0.17241478,0.0058459747,25.7826,-12.067462,-0.26979145,0.022055618,21.572416,-6.580257
dc3d3317fb87457e,read,-0.13684645,0.06261254,6.6658807,14.152925,-0.06696242,-0.3001636,-5.2587156,21.131145,0.1978477,0.45155984,-8.212879,-11.6701145
bd4f1903c76cbd10,read,-0.109899856,0.32935938,4.9142065,14.720353,-0.36608505,0.30483925,-15.107205,-4.7525616,0.25994453,-0.22534627,-9.846216,19.78089
1492b0fab5470053,read,-0.39062837,-0.17864786,-14.628758,-7.5767474,-0.13950108,-0.72056293,-7.7744627,-12.986996,0.25584117,0.4819955,-2.1488836,-14.034525
a15a1402bf5fec64,edit,0.0180337,-0.21610995,-9.721042,12.711505,-0.21152341,0.50816184,4.455817,3.7681835,0.033268318,0.10869084,2.187272,14.622382
173fc83af73eca64,edit,0.20058945,-0.5803236,-1.0981331,1.3296145,0.08510514,0.14346041,-0.3140934,5.7512956,0.009706937,0.19418634,-19.896305,-1.9728224
e61daba28c2a43ff,orchestrate,0.27684993,0.2794052,-17.662024,12.520311,0.23013626,0.64125896,5.9886227,-1.6721914,-0.3300361,-0.28801787,9.552943,20.432358
1c503e42d47b74ba,read,-0.3725582,-0.15999691,1.1072665,-10.460226,-0.6656738,-0.365245,-10.909173,17.918932,0.25676274,0.26307344,-1.4077971,-17.85416
108d1259105c7eed,read,-0.19232623,-0.06961645,-16.816229,1.1190683,-0.57509196,0.5633368,-22.86209,6.5143657,0.27963918,-0.30508307,-2.8594391,4.5978246
30ca5f2d57100f91,read,-0.30190828,-0.092711926,8.885249,-20.049908,-0.49269056,-0.18568246,-14.880164,-5.5276647,0.4613935,-0.19541053,-9.83926,19.795952
7699dcb8c6ae4b02,edit,0.08202958,0.31241834,7.4483757,13.96238,0.45426512,-0.45626312,19.975555,2.767054,-0.046014253,0.51718897,-1.3026853,-14.865417
2956decfd3939de8,edit,0.6094664,0.57090163,19.681492,11.611406,0.519589,0.26093882,8.8181925,-8.416705,-0.49534708,-0.57866377,13.301998,13.617416
684cdee6cc88ab3e,orchestrate,0.5768252,-0.37150308,17.446543,-5.280708,0.09893035,0.268268,5.806652,-7.055776,-0.20634304,-0.16000801,-16.193941,12.009932
ddc153ae420db86a,read,-0.3651138,0.3142323,-9.5173235,-10.489569,0.113925576,-0.5234821,2.941757,-17.678709,0.17362681,0.12965807,3.790941,-2.465578
e3a034e33b305b12,orchestrate,-0.18185773,-0.49470624,-0.64399636,-5.505429,-0.30397478,0.17756292,-5.1665616,10.787402,0.21375212,-0.27418587,-21.12595,-4.186416
c5a738ad8bd3a326,orchestrate,0.63449216,0.27890286,21.15686,11.371154,0.31577075,0.32506728,7.006474,-6.529996,-0.27683333,-0.41406435,12.190894,12.560593
5a42735b95123d86,edit,0.59165776,-0.40462857,18.137484,-3.7001152,0.1212676,0.2579275,12.150762,15.585364,-0.30302602,-0.16311516,-16.620562,8.003398
d3cde1bb9556356e,read,-0.52700615,-0.341489,-6.926888,-18.154072,-0.65454274,-0.272343,-21.466318,14.319512,0.5001483,0.45352143,-9.243254,-6.168945
18a918b9c6b678cc,read,-0.5091867,-0.011497473,-4.1609964,-10.842662,-0.204679,-0.56280315,-3.4112072,-23.514378,0.24526429,-0.028389826,-12.391598,7.188407
068b890e4b95fb26,read,-0.22855009,-0.68013215,-2.3266876,-3.946735,-0.45584738,-0.13382131,-8.306651,11.545387,0.33370644,-0.05674422,-18.803648,6.3225193
1377898e5cc711cf,edit,0.079902135,0.4966001,-1.8180821,16.523838,0.8139571,-0.17365141,20.669584,-0.30440497,-0.57282466,0.15993668,12.71761,-13.838162
c7792991f9a4d2ca,orchestrate,-0.36871532,-0.009205664,-21.227846,7.613829,-0.4226367,0.60410464,-21.24114,0.6035848,0.33214003,-0.6217199,-8.220928,17.082302
002b780ee5620869,read,-0.38327864,-0.11695549,-7.280883,-14.226566,-0.36425903,0.1710413,-8.363189,4.2506843,0.26721427,0.31201717,0.20342071,-2.0803237
a6f86773730f0915,orchestrate,0.21233399,0.19015525,24.201365,12.696743,0.25766912,-0.34340808,1.0596324,-10.49004,-0.15627961,-0.13180642,-22.971033,-3.59341
e13c711666f804c1,orchestrate,0.37820467,0.2237877,24.062765,12.843555,0.39742133,-0.31647572,1.2492877,-10.588016,-0.16793472,-0.08646289,-23.117826,-3.4193542
48fa60147aeb3d02,read,-0.32698482,-0.40901035,0.11467379,-12.326159,-0.5212322,-0.4861589,-9.926171,19.327923,0.40310982,0.4122548,-11.167428,-8.884831
041c2735445a5d3c,read,-0.29455245,-0.3657684,0.6452896,-12.364713,-0.52831143,-0.29226264,-10.556963,19.595964,0.30338478,0.40837628,-10.783251,-8.707013
080d1d335e73e357,read,-0.5212655,0.5068534,-24.769478,-1.666497,-0.4325272,-0.05374938,-18.478012,-5.3587894,0.34398767,-0.65653825,-2.596539,18.367634
cef1c1b22547363f,read,-0.05295892,-0.43418178,-9.375648,-19.604315,-0.5094673,0.27232763,-18.365204,15.275465,0.2220413,0.45666212,-5.899346,-3.2888825
db5017e10825c621,edit,0.48939103,0.31233332,13.493083,12.386102,0.4653871,-0.1364279,26.33198,-6.1838946,-0.41735318,0.17334934,7.227334,-20.01737
b251069ab0f854f2,edit,0.549261,0.1612176,13.972412,12.351355,0.36418334,0.121285215,27.160826,-5.5069814,-0.46273413,0.11291271,7.51897,-19.466204
99376517e07ac390,read,-0.5575414,0.34057,-27.670612,-3.190681,-0.3503944,-0.3145448,-14.862163,-8.441752,0.46021608,-0.4343152,-4.088146,14.970345
9b719990d02fad0a,read,0.13575728,0.0140962275,20.337372,-9.155173,0.34306806,0.0054745865,13.455881,-15.911114,-0.15443891,-0.32910275,-14.466072,9.767885
cbbc0fb375be5528,read,-0.06433946,-0.5043277,-15.713923,4.8708735,-0.5534287,0.57211226,-22.57175,5.2628546,0.417911,-0.21192294,-7.385753,12.235004
320f87127720375d,edit,0.13988236,-0.004944141,2.5199409,7.288388,0.007725326,0.06928879,0.44089818,21.54647,0.009079372,0.15509227,-6.6645617,-20.922285
34945b4f5ec0716b,read,-0.20128006,-0.3382618,-17.658773,4.121744,-0.66537005,0.1180748,-20.182013,5.1995497,0.58136714,-0.037548527,-5.6051817,10.121806
2f126fb3c569745b,orchestrate,0.27824178,0.2821415,-17.683481,13.029233,0.32896835,0.5822533,6.6874685,-1.1897577,-0.3503876,-0.24506529,9.810043,20.233788
04160c562c25b5d3,orchestrate,0.2734919,0.32061127,-18.577314,12.527548,0.19138826,0.60014266,5.9302287,-3.175133,-0.28825366,-0.31481054,9.084405,20.522018
0eece11b7a3a5715,edit,0.4970124,-0.27124974,13.677009,-4.8672028,0.030321049,0.51282877,10.8635235,15.937173,-0.17972907,-0.03613057,-19.047457,-10.227211
f6b8d1b043aa0f9b,read,-0.22447306,0.78859997,-23.442162,0.3360072,0.18785354,0.20987864,-21.776974,-6.1020446,-0.10241008,-0.7163884,0.2775815,18.65106
f35bd89f91662653,edit,0.46624494,-0.3692888,15.714429,-8.973013,-0.03000311,0.6320013,17.419992,-15.2627125,-0.15538618,0.2797333,6.671904,-0.7013116
d821e25a9e432573,read,-0.2919496,-0.2758966,-0.25348356,-13.00138,-0.40161487,-0.2975451,-10.246324,20.736467,0.23966224,0.20241806,-10.791774,-7.9029717
ccfea4171f51e529,edit,0.044807885,0.29063717,7.9296603,15.170346,0.26704574,-0.2179252,20.281096,5.0143027,-0.22358987,0.4358092,1.6597925,-18.531986
064acfebd1388385,read,-0.47836092,0.00936418,-8.640639,-3.1246302,-0.11753473,0.19625095,17.006424,12.267239,-0.019122478,0.20794226,8.561234,-15.36479
4526b63b3a60965d,edit,0.47176456,0.56805956,19.65459,11.166231,0.5550042,0.21589665,9.11896,-8.84154,-0.41967893,-0.6513913,13.374192,13.424701
a6e2478611312ba0,orchestrate,0.14448203,0.3201823,23.985064,11.597142,-0.017740546,0.22225341,-22.902287,-2.1633992,0.115464546,-0.39389488,-2.608869,23.312313
3933325815d91ae2,read,-0.029320672,0.12325494,12.527519,-17.355867,0.075910956,-0.15617591,17.558182,-20.581362,-0.1418156,-0.23153242,11.654461,2.736513
d34bf83b1467ac0f,edit,-0.05663051,0.53098154,10.089349,16.208961,0.46179017,-0.700483,1.132116,-15.62435,-0.14911065,0.19810009,18.549387,-10.891026
74313d7da6de6971,read,-0.015224668,0.20979987,-15.251867,1.234217,0.009665318,0.52631503,-9.536587,5.205699,-0.06123046,0.020763187,-1.8423431,3.9918292
649c1cca346d4da1,read,-0.19569823,-0.2908135,-18.397274,4.2583723,-0.60059714,-0.042611737,-19.779142,4.0477233,0.59999484,-0.12098966,-5.362819,10.344801
383bccd3df3b0f60,edit,-0.0019415506,0.47130686,7.5723352,15.244467,0.64423287,-0.15775892,21.248207,2.279984,-0.39866287,0.39406672,2.0406346,-19.486984
dbd61742a09d046a,edit,0.14985874,0.3377808,-13.571222,14.288972,0.22042114,0.469597,5.1142926,0.056435827,-0.215917,-0.18311693,4.31187,17.276707
0550457e8360228d,edit,0.15678087,-0.7286834,-1.0396013,-4.736273,-0.23382092,0.22534259,-5.9024587,10.953408,0.2255677,-0.10581705,-19.426432,7.5768867
b739c3e71674bef5,edit,0.5222023,0.49642673,16.99933,9.792779,0.8761357,-0.1485966,19.51169,-0.63342553,-0.7149437,0.057809755,12.380651,-12.56146
4db159ef6fef531d,read,-0.32116038,-0.27730715,-8.114731,-20.85756,-0.60740703,0.24025907,-15.901508,18.186853,0.39928892,0.078334,-14.082518,-5.670442
631f106a261cdd31,read,-0.28877616,-0.6867566,-2.232411,-3.8434372,-0.3999755,-0.047787942,-7.3745213,11.677145,0.36106128,-0.027400797,-18.949444,6.627479
55203c827cb85d0d,edit,0.48899892,0.24121094,16.223825,10.994709,0.6054182,-0.5479716,17.649809,0.9801151,-0.42577636,0.09031852,12.701518,-10.700227
ac095971c8ec4967,edit,0.15786155,0.35633188,-2.3009427,16.604534,0.7833713,-0.15576705,20.738026,-0.622797,-0.59583914,0.16161248,12.739445,-13.914946
4e21d8d355d4e198,orchestrate,-0.34670147,-0.10760942,-21.074371,7.576958,-0.51160353,0.55137527,-20.71906,1.0233042,0.3502874,-0.60985315,-8.255841,17.048153
f0b1ae19f793480c,read,-0.39861462,0.4292974,-25.417368,-1.2543446,-0.50104266,0.08389713,-18.225597,-5.726443,0.3423799,-0.64906496,-2.4201367,18.344921
37d614add265103a,read,-0.21908616,-0.3214352,-8.899872,-19.67938,-0.48097542,0.2652915,-17.8657,16.026304,0.17144632,0.3205278,-5.345795,-2.9687335
b946e97c6c16507d,edit,0.14114468,0.07065362,9.940354,13.481826,-0.24539785,-0.26841173,-6.6763334,22.972485,0.14113748,0.45511997,-9.290015,-13.06318
2233089af351507c,edit,0.20318042,0.09574025,9.601254,13.293321,-0.025086584,-0.13998146,-5.669618,23.370142,0.08130802,0.4308525,-9.007199,-12.846441
abeb1e761ce0371f,edit,0.17598149,0.06692325,10.004854,13.32251,-0.22168556,-0.28902462,-6.680619,23.318577,0.21168427,0.4248642,-9.453165,-12.9706135
f4f0cfe1d0d33938,read,-0.41202313,-0.35311976,8.424364,-17.672037,-0.6248514,0.10532745,-3.2063136,12.783707,0.34623367,-0.14161785,4.4165683,4.5126815
6c4e90fb7239e52a,edit,0.10997036,0.48341063,-0.5607306,11.334198,0.567041,0.030173823,20.324047,-12.532733,-0.42434898,-0.18692587,16.491499,-6.459689
03e3588c50f3397e,edit,-0.08003216,-0.38226217,-3.6270106,1.9897368,0.16227295,0.005161069,-0.30772033,4.7769427,0.14307195,0.33728606,-3.9406555,-10.424272
4c8aa73158046926,edit,0.73820466,0.043067977,13.386643,-1.3808436,0.56874794,0.40415555,11.838577,-0.20305133,-0.6798076,0.07008661,11.507793,-17.609503
b571da124733b844,read,-0.15923959,-0.5305892,-15.573497,4.901811,-0.5918155,0.5631381,-22.47194,4.7173257,0.43512616,-0.09596297,-7.4030943,12.176844
556ce77c7ee19ed9,edit,0.13645022,-0.13399386,2.6398146,7.2842846,-0.10406602,0.0087381285,0.4893519,21.664917,0.15029065,0.26347658,-6.686344,-20.85829
f06e8182af260c56,read,-0.3133677,0.49964565,-5.8940263,7.7432027,0.21445267,-0.18821532,20.174421,-17.029398,-0.13308838,-0.24294546,19.376518,-1.7309732
6371fdee3478d54a,edit,-0.16866855,-0.61769986,2.115817,-9.044926,-0.548182,-0.036216546,-11.137288,15.234895,0.4831061,0.31197363,-13.063526,-15.342324
802df5acfb311f9a,orchestrate,0.26885343,0.27989322,-17.954947,12.092845,0.18071003,0.5906437,6.6536493,-2.9786804,-0.2894281,-0.3438917,10.014091,21.33689
6a9f95b05bbe097d,read,-0.12844622,-0.2397755,-6.602094,-14.420909,-0.14176728,0.23084204,-7.8293495,4.5640497,0.054446954,0.2383572,0.47348836,-2.890786
2e66e693c4bbcf51,edit,-0.23972863,-0.05106158,-14.566544,-5.821877,0.07742515,-0.397738,-5.240001,-13.25429,-0.05938674,0.2139205,-3.0951788,-11.2708025
b0640833fd52e543,edit,0.2752373,0.22408052,19.368916,14.471925,0.46713528,-0.5597003,2.9508212,-12.718994,-0.022297006,0.073965736,-14.497688,4.1106987
d9ec63cbb02c4814,edit,0.36418828,-0.412407,-0.7630776,1.4696157,0.1347889,-0.094828255,-2.4741237,-9.486646,-0.07425541,0.1470711,-20.198172,-1.9664242
b20cb75cd069caa7,orchestrate,-0.23174861,0.2701777,-22.729382,7.7649198,-0.4960918,0.5541824,-22.078432,0.6809721,0.23687081,-0.6396915,-3.3478227,24.140991
b909920b74c76ed4,read,-0.3741133,0.46415517,-10.559048,-9.387912,0.3336087,-0.76075906,2.3457973,-20.018534,-0.12603985,-0.15052864,14.273268,-1.6278322
a4a9f3de2a9063b5,edit,0.31543204,0.055115044,-11.092502,13.287537,0.21528575,0.29038268,6.308642,1.7293869,-0.026426299,-0.12522435,5.3377576,20.09569
877e184e93185183,edit,-0.046534445,0.3389284,-27.161163,-0.18997593,-0.21756966,-0.4660977,-12.845086,-12.16837,-0.0036202825,-0.53395694,2.4333534,19.462702
ea358ac50f94103d,read,0.08907528,0.15933746,18.434198,-12.549904,0.30470175,0.007881162,14.942082,-18.326792,-0.22516525,-0.20970668,13.269753,3.7539554
e4349b1470f8fbd4,read,-0.6861051,-0.3990876,-16.061876,-14.154962,-0.7462323,-0.005389152,-12.150248,11.828786,0.63030356,-0.046331797,-14.736664,-1.8693652
23b66380a4b7fbeb,edit,0.36600152,-0.34087974,19.778946,-5.6321073,0.24408935,0.3428152,14.298313,-12.056488,-0.3765547,-0.33585286,-18.038343,12.032381
ee7375770c72cc3f,read,-0.15950797,-0.4608326,-0.82320124,-2.6777472,-0.57173324,0.35563818,-17.526321,1.2185279,0.32702243,-0.4668061,-10.910563,15.033559
8cfc720dbf5f6e8e,read,-0.55082035,0.5241652,-10.173305,-7.8951902,0.27874818,-0.71958214,2.6143727,-21.393824,0.05939162,-0.1540171,14.657258,-0.47899386
05501ef15b6284f9,edit,-0.05857474,0.51702523,-3.569885,9.709955,0.20341894,0.0058048386,22.280815,-15.481066,-0.19601822,-0.10139739,21.503302,-5.054371
eb2a2b4a417650f2,read,0.044673055,-0.51261425,8.999258,-10.129875,-0.55716056,0.152575,-13.551835,19.101553,0.34126884,0.27676943,-13.504442,-10.341932
a7d2731e5734d981,edit,0.3840075,0.1045016,10.05583,2.9804723,-0.12512481,0.63263977,-27.768991,12.605899,-0.1468028,-0.32202354,18.313293,11.78549
60ef4f8781b9a425,orchestrate,-0.255061,0.6207816,-25.032003,0.74928075,-0.08476681,0.06577223,-21.426111,-4.2863693,-0.030156212,-0.71056014,1.1387719,20.153368
609ebc2e2fa9a094,read,0.07206947,0.08379583,-14.136689,10.074293,0.13866438,0.4752583,1.8296168,-0.3768791,-0.015895693,0.13471593,7.483272,15.173658
66d791d3971efa71,edit,0.27595448,-0.053366005,24.308735,14.877701,0.04439366,-0.54843235,-1.2522739,-11.224115,0.023614125,0.017555453,-22.405235,-1.894273
9688d6d2aec7fa4a,edit,0.3725463,-0.15919349,6.975217,10.277402,-0.092016324,-0.05677565,-2.7230666,24.001572,0.2176124,0.67118126,-7.6996264,-15.865498
fd13355ce6819849,edit,0.614625,-0.36512288,20.496815,-2.4002953,0.42981845,0.20949045,13.021982,-7.5945644,-0.26805022,-0.118722215,-20.210646,10.450566
925e16e304eb00ec,edit,0.41193837,-0.06781368,7.0030885,-0.8836985,0.44706246,0.26937106,15.728882,9.47228,-0.46827695,0.32773277,5.649925,-17.424782
b535b30a0c016765,edit,0.27529028,0.506118,-12.254159,14.7635355,0.52640396,0.2677018,7.69775,1.2186624,-0.26130113,-0.30516964,4.8652077,18.790375
7be5ff7f36184e04,edit,0.5948117,0.46717063,17.856094,13.339662,0.6933942,-0.3206936,6.8685126,-13.484166,-0.46878967,-0.080514364,11.349653,-9.019464
b8129842091fa0d0,read,-0.67372465,-0.1978531,-9.554315,-16.268135,-0.71369624,0.033086713,-18.854887,13.005095,0.59851795,0.2806084,-5.2861114,0.60954505
9b4748f4b8de187b,read,-0.21891432,-0.10790123,11.025676,-18.127922,-0.33240652,-0.32992488,-0.46036133,11.416587,0.23563631,-0.15632139,5.384713,5.6131372
c391bf70f51b0df2,edit,0.34016284,0.65936726,8.10966,18.934326,0.500754,-0.057057887,25.212936,-10.479261,-0.46135432,0.046822783,21.203913,-8.145525
b1c0e08ab08b64e3,read,-0.5443551,-0.48223048,-11.903875,-2.0634525,-0.4096025,-0.3137372,-11.836886,-2.0897946,0.48914927,0.12726778,-11.117918,-1.0491093
d1d13a996c6b1f08,read,-0.5626049,9.75343e-05,-18.590494,-0.26182744,-0.7168939,0.23576735,-21.901436,9.825621,0.5456678,-0.020647503,-4.8853354,3.2507465
0489e71886522dbd,edit,0.11792753,0.44377947,-1.3779279,11.885802,0.58680147,0.18039244,19.436125,-12.046981,-0.5944627,-0.16299184,15.659239,-7.0057883
05c2f4d8fd9f82cf,read,-0.63670915,0.10016474,-18.21536,-8.942527,-0.25154182,-0.380838,-9.10139,-8.585616,0.35533664,0.15253651,-0.17043364,11.356282
59acaa0aa66d8aea,edit,0.49488407,-0.052063588,14.593913,7.9374876,0.5839579,-0.15402305,18.541199,3.93754,-0.33729494,0.4481737,1.124973,-13.511939
d2ad2bdc42d70c67,edit,0.460232,-0.3986198,13.088921,-6.7036176,-0.016097521,0.2164717,9.33006,16.831018,-0.04967872,0.008984569,-18.426367,-9.363971
86d88b612dfe0c2e,read,-0.61546737,0.3880351,-26.591686,-3.866298,-0.4282357,-0.5753785,-13.727798,-9.986863,0.42278185,-0.48800483,-2.939431,16.400764
afa18152d743cfce,edit,0.29452568,-0.1636357,5.1794896,6.575865,0.16980954,0.08032745,1.9662579,24.37428,-0.14837873,0.61127335,-4.9902663,-18.640938
697362c3fe3dac35,edit,0.7255745,-0.26054344,19.183336,1.981533,0.6129675,0.35466328,16.509146,-3.435758,-0.4687558,0.2843184,5.2223935,-8.001477
40fde4465d19d522,read,-0.7311973,0.2995084,-22.179615,-4.680734,-0.66105765,-0.045336746,-16.265228,7.707844,0.51837146,-0.5002135,-5.406368,20.67585
ae574b4c8fc5b4bd,read,0.096559234,-0.7255748,-4.5657506,-0.066378,-0.044960838,0.203757,-3.0976698,5.0417066,0.029760536,0.5676664,-0.9293446,-9.015647
bd44849adf18f2cc,edit,0.79196465,0.053803112,14.713451,-0.5136614,0.6298478,0.5826017,10.8822365,-2.7320445,-0.6823379,-0.2679917,13.793327,17.054293
2e124797549c79ef,read,-0.69692796,0.31432945,-21.748446,-4.400217,-0.6042388,-0.066544116,-15.593838,7.6536055,0.4207183,-0.6038007,-4.1881065,20.983843
f812117b515e039d,read,-0.37744763,-0.21388659,-9.070688,0.607349,0.075016655,0.0020376535,-4.6467576,0.9128706,0.2449174,0.30666816,-1.658926,-3.4124289
d57e13e1676ce5b5,read,-0.40337685,0.25647435,-10.6140995,4.1180234,0.10182251,0.12619007,-2.4479759,-2.20812,-0.004822347,-0.35776988,4.6981916,12.426271
c312bd658c62fcb3,edit,-0.13812783,-0.29218578,4.1302404,-5.8214784,-0.38293532,0.19507325,-6.582303,14.9339285,0.18440962,0.18195415,-15.573532,-16.397419
f571bc725b6fe832,read,-0.16630329,0.3865492,15.828462,-15.780542,0.3529576,-0.5025231,5.7179365,-20.374332,-0.18453442,-0.28046858,11.586884,1.3816764
be4015b4e8cf67a5,read,-0.4946238,0.05395244,-5.975143,-9.009089,-0.0864766,-0.86183757,-3.9394937,-20.380579,0.28934908,-0.06700622,-12.481805,4.6194987
f6f7e5b330366f7d,edit,0.13550141,0.43155867,10.915631,16.183496,0.20358361,-0.7438334,-1.1716914,-16.366152,-0.17612866,0.13867807,17.90895,-11.34806
d7d6b7f998d91da9,read,-0.1906034,-0.18328126,10.300564,-15.486881,-0.0014098589,-0.27433872,3.6432483,12.321086,0.064539045,0.14292519,7.5960684,4.9763155
bd42c4c5c0d89796,read,0.07449615,0.11209386,18.192926,-12.820673,0.35585076,0.028224194,15.509942,-18.678354,-0.19357572,-0.20342968,13.68209,3.9017713
79ed7d222b5333cd,read,0.11680289,0.030391173,19.146076,-12.481677,0.18666917,-0.04254585,18.061829,-18.527582,-0.16222711,-0.1556651,13.76089,4.2779913
ced08e246fabe705,read,0.17717446,0.21503319,18.20207,-12.011725,0.35105333,-0.015955003,14.291794,-17.102253,-0.2627624,-0.21211821,13.927096,3.4383361
29133123737edd28,read,0.011453759,0.21616125,18.029543,-12.8621855,0.3183865,0.00996837,14.769443,-18.379745,-0.14147793,-0.14682484,14.470849,3.6121829
2693128efd2fb0bf,read,0.2670715,-0.0005989964,18.700638,-12.095357,0.31889096,0.17122203,15.594243,-17.919312,-0.18866192,-0.23450373,13.121232,4.1224785
61f500fc4a7d1b34,read,-0.6889084,-0.33874872,-16.119844,-13.939758,-0.724911,0.077216566,-12.566093,11.59425,0.61713815,-0.06080572,-14.988379,-1.6103449
a38f02ad421ebdcd,read,-0.6570271,-0.45601356,-15.956768,-14.731299,-0.7339708,0.004251729,-11.334354,12.224498,0.624589,-0.041853257,-14.583984,-1.3126242
45c4d1d7b077030c,read,-0.6237474,-0.40072235,-15.391215,-13.932793,-0.6054801,-0.061420083,-11.933352,14.135893,0.6168433,-0.021122076,-15.182819,-2.0550275
64cb221e304e9226,read,-0.65525967,-0.36056936,-15.810567,-13.867004,-0.71827835,0.07749764,-12.151374,11.421824,0.58848655,-0.09567831,-14.735651,-1.9298044
5d413246ff28502c,read,-0.6908342,-0.4002457,-15.651225,-14.520444,-0.8238045,0.041321,-12.4906435,12.176655,0.62557155,-0.02377349,-15.115398,-1.4562912
142062e49c4a1222,edit,0.4151712,-0.2375571,19.667429,-6.0906568,0.3793563,0.34980223,14.490778,-12.687312,-0.41745532,-0.34319884,-17.871214,12.063881
79f693d46d9f0819,edit,0.3292573,-0.41343594,19.949638,-5.2365346,0.1601455,0.30078343,14.179358,-11.298865,-0.23070611,-0.29316074,-18.860535,12.093713
635462bd8c480c4b,edit,0.472971,-0.331259,19.274815,-5.2568946,0.20451218,0.3494366,13.333166,-12.366318,-0.35000396,-0.26505288,-18.24461,11.365002
758a7f26e4a4b8fe,edit,0.49981746,-0.35179278,19.188194,-5.5764866,0.25794047,0.35454896,13.884757,-12.682286,-0.3575405,-0.3155627,-17.701946,11.860977
dba1b1ca71dd34ea,edit,0.36471784,-0.15956049,19.791092,-6.2546635,0.3665477,0.3287138,14.898328,-12.391082,-0.2983564,-0.32443345,-18.529385,12.32202
8c207d0fbc94f190,read,-0.2517272,-0.3913099,-1.2508826,-2.5732558,-0.542875,0.21463673,-17.45728,0.5821618,0.3619629,-0.49136695,-10.90228,15.433192
7d48356a1cb8ad97,read,0.10233499,-0.49337173,-0.39656445,-3.0532591,-0.4001559,0.37185255,-16.85303,1.7728293,0.21549243,-0.42527345,-11.571902,14.847707
c5efe3e1769688e9,read,-0.25095394,-0.48558843,-1.1476873,-2.2382934,-0.5788698,0.29908028,-17.850306,1.7890017,0.38684294,-0.40226468,-10.748054,14.708953
ea9612c5410cef1b,read,-0.21734345,-0.357485,-0.7274006,-2.2080338,-0.5223238,0.37680116,-17.997744,0.9377227,0.30485103,-0.56646556,-10.536152,15.470531
791d8b45a8341d9d,read,-0.20612355,-0.48692253,-1.2595297,-2.9775324,-0.6568251,0.012768034,-16.922596,0.5198424,0.387378,-0.42743248,-11.233025,15.224447
4100e8b81d491075,read,-0.54521614,0.5230348,-9.937442,-8.122131,0.23508023,-0.70616424,2.6231813,-21.946917,0.048704356,-0.15565306,14.74694,-0.9942763
e7ed8c401b054157,read,-0.51799405,0.5072406,-10.461384,-7.6440415,0.21700503,-0.6205341,2.0232985,-22.43154,0.056069624,-0.21002439,15.198581,-0.6886595
3f5e2074cd37014a,read,-0.5370052,0.49967074,-10.426112,-8.541045,0.17633611,-0.67817533,1.6719941,-20.581606,0.086535364,-0.11357117,14.793414,-0.24339887
04f58cdca1f3c952,read,-0.49693158,0.5540934,-9.940959,-8.401038,0.34437323,-0.6187932,3.1746097,-21.62954,-0.023754878,-0.17850356,14.436425,-0.94113326
fba41963a66c8da8,read,-0.5728051,0.48383522,-10.661824,-8.375583,0.17069185,-0.8242427,1.845335,-21.425846,0.09124709,-0.15765357,15.171141,-1.0588937
4e464d8a1214f739,edit,-0.120971516,0.5650438,-3.7194612,10.2052765,0.15682703,0.037995983,22.302895,-14.998824,-0.15555175,-0.123723514,21.410406,-4.587535
ce7d2d3c1ac2e881,edit,-0.017711515,0.48121524,-3.7148607,8.999777,0.19559595,0.076235056,22.692966,-16.321796,-0.22486492,-0.20760065,20.82836,-5.031025
12d72d206bf8cbcb,edit,-0.0037149165,0.43152943,-3.0356543,9.268076,0.025132706,0.20905,23.963808,-15.472625,-0.18294498,0.00087944476,21.92484,-5.1503425
249ca4431581de63,edit,-0.025835473,0.5485935,-3.3519611,9.927586,0.2177635,0.088942975,22.85799,-15.415455,-0.21364313,-0.13192928,21.18208,-4.9339075
8cd888c4ce86c1c7,edit,-0.17191863,0.5491086,-3.9795067,9.854843,0.12695907,-0.0073437337,22.139765,-15.7512,-0.122946605,-0.15868627,21.186602,-4.4398227
74c4e4917c5987a3,read,-0.024067402,-0.446899,8.403307,-10.127952,-0.56819814,0.25775185,-14.194739,19.020031,0.34302104,0.34567675,-13.052087,-10.605042
dd8def89918d0a59,read,0.14139615,-0.5825512,9.801301,-10.036684,-0.45495278,0.17525429,-13.639251,19.808254,0.22129865,0.1471721,-14.169579,-10.11999
a0a048f3d75d3042,read,-0.100972705,-0.56259304,8.935616,-10.600539,-0.53264713,0.10759313,-13.27198,17.59246,0.43692458,0.29161125,-12.816462,-10.274531
c8531275a20f6a18,read,-0.08368065,-0.49588028,8.551277,-10.430862,-0.6077699,0.21743296,-14.117727,18.786688,0.38813135,0.2839547,-13.217345,-10.100336
89922576bed6c2de,read,0.10867284,-0.4817189,8.711972,-9.735479,-0.63466465,0.15867159,-13.9215,18.631088,0.29752916,0.35708883,-13.13624,-10.954137
10311d9c4cc52cf7,edit,0.22213335,0.24933662,9.887744,3.5687225,-0.22775507,0.6319642,-27.609715,11.895051,-0.11094011,-0.40900734,17.760593,11.754324
2913e758dd526096,edit,0.4826349,-0.019755444,10.527276,2.5450993,-0.014481961,0.5952408,-28.155382,13.477114,-0.20724119,-0.33741057,18.293653,12.196336
b09db51731cc78a8,edit,0.32200617,0.078858055,9.607765,2.9425106,-0.21059306,0.6082742,-27.205416,13.214351,-0.2038256,-0.19084883,18.466055,11.380298
5fa799875cae0346,edit,0.19623129,0.22108091,9.743298,3.6432154,-0.15543178,0.5563568,-28.055134,12.116977,-0.10835466,-0.36123317,17.732904,11.426909
536d679fc6ba0fc8,edit,0.32503718,0.17171867,10.351307,3.2176402,-0.2566985,0.65015864,-27.362715,11.987972,-0.120986976,-0.40099296,17.849236,11.944971
7bee67b1419f460e,orchestrate,-0.2430602,0.6006256,-25.358385,0.80557483,-0.19845545,0.08931796,-21.030424,-4.002288,0.0048475186,-0.7311948,0.6792464,20.215427
369b16754752bf1f,orchestrate,-0.124047846,0.616041,-24.607693,1.1688011,-0.037699297,0.09105369,-21.967274,-4.615694,-0.15736364,-0.7141241,1.3935964,20.537819
2487c856158aa4a8,orchestrate,-0.20482805,0.5353613,-25.697792,1.3796932,-0.20451888,0.13918726,-20.850864,-3.0495286,-0.08846586,-0.72709334,1.045734,20.805252
89ab95befe5ae0c2,orchestrate,-0.30691501,0.52042544,-25.692041,0.6274989,-0.25181657,-0.15323536,-20.360529,-4.5213885,0.045285463,-0.67645013,0.5201823,20.557594
eb0b06066a4ab08b,orchestrate,-0.14291999,0.61921096,-25.074308,1.2908733,-0.15577374,0.27570578,-21.5797,-3.6380694,-0.009303843,-0.72947145,0.7690064,20.054049
b288761a077bb0f8,read,0.03160668,0.010449235,-14.126833,9.464252,0.05078078,0.3662121,1.3610083,-0.13620299,-0.0277658,0.16239524,7.8804984,15.035699
641e8decaba85ecd,read,0.14762062,0.09960139,-14.524396,10.616726,0.1067204,0.49369675,3.1137073,-0.30922544,0.019202335,0.090113774,7.5040655,15.4507475
87127aefe96e77ad,read,0.19207656,-0.06359949,-13.77153,10.0644455,0.21805455,0.45695952,2.305981,-1.0830982,-0.15418479,0.20917481,8.0905,15.57951
d6e5d79cddf4a21a,read,0.10462303,-0.16311093,-13.95322,9.234838,0.0043958565,0.47024772,0.9921612,-0.3472251,-0.019547893,0.21681218,8.151429,14.913683
1e14bae161147f51,read,-0.00585958,0.08510402,-14.380905,9.645638,0.16545673,0.26135048,1.493118,0.35285905,0.041909136,0.19239886,7.5860567,14.761079
4f59876fb759f03b,edit,0.29373902,0.0031694032,23.776825,14.902739,0.15675895,-0.49737978,-0.6440138,-11.563345,0.04730292,0.05548321,-22.789986,-1.5859563
d9896657d16787b9,edit,0.3918342,-0.13840231,24.972584,14.789376,0.08201023,-0.33843967,-1.9561849,-10.14781,-0.019471606,-0.06279893,-22.11004,-2.2502143
278504460c326788,edit,0.10770367,-0.058695275,24.204218,15.5231695,-0.046361055,-0.45813105,-2.2640378,-11.49927,0.13841134,0.060762327,-22.58523,-1.1854894
8094cc058cce63e4,edit,0.16839586,-0.045561645,23.990717,15.476098,0.07032261,-0.49128664,-1.6287718,-11.385348,0.09165468,0.05644015,-22.269697,-1.3749865
6697dfbd4c125a23,edit,0.36331308,0.039241645,23.901829,14.634256,0.17419954,-0.5396382,-0.75088316,-11.821879,-0.017783163,0.08540468,-23.08134,-1.6097184
e8dd7669f92c7eae,edit,0.3562083,-0.23175505,6.468501,10.029865,-0.18203086,0.053864602,-2.495199,24.599573,0.21404548,0.6892691,-7.421217,-16.05094
bb609499cac304fc,edit,0.39668757,-0.12540044,6.947922,10.77195,-0.0019513464,-0.20877263,-3.6870463,24.230074,0.16364211,0.64523464,-8.055886,-15.665116
f5f415580e347ad2,edit,0.35832405,-0.26507208,6.8587327,9.492124,-0.16547695,-0.122104,-2.2061987,22.640121,0.24149805,0.5840978,-8.396171,-15.784744
a420568f4e0f6bfb,edit,0.40797582,-0.20413916,6.9733276,9.938747,-0.12666371,-0.07962544,-2.856863,23.82846,0.17333584,0.6884601,-7.5681977,-15.50619
ea603b2a4be94424,edit,0.36233234,-0.29692733,6.153489,9.886114,-0.3066382,-0.052613042,-2.5824661,24.695694,0.25912026,0.6198633,-8.039055,-16.341368
97bd6367014f8620,edit,0.50520563,-0.29588833,21.117477,-2.24702,0.3888125,0.21417744,13.588997,-7.2013407,-0.19727589,-0.07761106,-20.69393,10.134748
9eb306edc965f759,edit,0.6889213,-0.35643244,19.982862,-2.4400325,0.36001328,0.2829163,12.2221,-7.662706,-0.2158651,-0.13565898,-19.940542,10.041998
ce6a3346edafec94,edit,0.55539715,-0.39378354,20.507711,-2.8367717,0.24202424,0.18470451,12.467257,-8.917027,-0.24192937,-0.17234033,-19.67648,10.5632305
95622dbc308504c7,edit,0.6009577,-0.23159732,20.89856,-2.030027,0.48928785,0.15753572,13.520299,-6.912946,-0.3237745,-0.05569577,-20.907745,10.310988
5fb74de3f22f4dc2,edit,0.44804344,-0.4204554,21.046715,-2.7091935,0.29289144,0.22369254,13.582606,-7.875212,-0.12104181,-0.09921449,-20.227879,9.879027
71683917bed1b8cb,edit,0.41879714,-0.10156051,7.079389,-1.4919904,0.403436,0.29226327,15.114166,9.390993,-0.43111292,0.34241912,5.6795015,-17.885113
ce3a9e0f4cbad96b,edit,0.6034525,-0.1673116,8.157584,-0.51029766,0.5088291,0.33881447,16.16949,8.107509,-0.49087507,0.29072598,5.706427,-17.098106
2b49bd8afc0d4ff4,edit,0.38963002,-0.07676371,7.030399,-0.44743088,0.43030584,0.25056255,16.70627,9.462377,-0.35773206,0.1940441,6.3210154,-17.69691
ff1b8e43206891be,edit,0.40187708,-0.100553185,6.8708143,-1.3092422,0.3018006,0.28509542,15.074426,9.930807,-0.36325163,0.31746554,5.8749037,-18.210947
90aa39fa7141679c,edit,0.46701884,-0.11762349,7.2986455,-1.2913826,0.47492623,0.22928946,15.4272785,8.965385,-0.51583606,0.38167372,5.270909,-17.53488
333cb6589a1e8c71,edit,0.30407152,0.48081908,-11.942561,14.611692,0.41771612,0.36662954,7.3058887,0.7191472,-0.29513362,-0.3340049,5.098823,18.944199
ef1323ae2ae2167f,edit,0.28100333,0.50626445,-12.430928,15.111362,0.5075738,0.15893318,7.9796233,1.7701362,-0.34463838,-0.33132124,4.462379,18.63306
e452681435b384cc,edit,0.30165613,0.39822638,-12.2774,14.040794,0.31040788,0.10341335,7.349579,2.521067,-0.16520971,-0.29931197,4.205724,19.264887
88b8299574b5be5a,edit,0.3340272,0.39464903,-11.751554,14.301297,0.53754795,0.28072858,7.932294,0.67960626,-0.36556506,-0.1988927,5.4540477,18.714638
8e91af154f0097b0,edit,0.25877604,0.5198539,-12.642869,14.6528635,0.31986296,0.3953688,6.7990856,0.61313504,-0.26837334,-0.344345,4.806746,19.065527
746ab9da39ae90b1,edit,0.67524403,0.36017293,17.502718,12.650733,0.6799128,-0.3226876,6.730349,-14.07421,-0.5220244,-0.07828836,11.093186,-9.221797
441a1ac0fc6cb7a1,edit,0.6029182,0.35245726,17.140911,13.373847,0.5194379,-0.4880606,5.578449,-14.3889885,-0.35574642,-0.11224019,11.768796,-8.533827
2d274678b5829d13,edit,0.5754987,0.43878552,18.292076,13.060224,0.6583737,-0.13785519,7.4278774,-12.794017,-0.49672702,-0.16454071,11.579437,-8.463582
0b84c666fb0b8974,edit,0.6507869,0.2880478,17.732782,12.639784,0.5935825,-0.2859939,7.2743344,-14.110625,-0.48691246,-0.11148904,10.716537,-8.788252
eabc8f36357d3161,edit,0.6147207,0.44690564,17.636932,13.384723,0.7065793,-0.37610844,6.3115425,-13.70776,-0.526487,-0.045440655,11.659957,-9.44876
b37f626ce363868b,read,-0.587805,-0.2769128,-9.370439,-16.748072,-0.7320602,0.07106173,-19.296547,13.429747,0.58815366,0.34232986,-5.8109555,0.78789866
fccde5db44902463,read,-0.62752515,-0.15768258,-9.944556,-15.809577,-0.68012893,-0.055520717,-18.469788,11.883116,0.4838687,0.2743323,-4.524248,0.43147302
e5ddb5c056753b29,read,-0.6545341,-0.37992126,-10.513155,-16.594679,-0.71680874,-0.16853194,-17.397371,13.165088,0.6330704,0.3399844,-5.62766,0.077979535
74326978ee6055f8,read,-0.6271373,-0.30591476,-9.920613,-16.730087,-0.73654604,-0.020161757,-18.440353,13.43372,0.58686244,0.33869517,-5.762276,0.4708958
e073690b2715a711,read,-0.5382633,-0.34289557,-9.72281,-17.025143,-0.75356275,-0.012409857,-19.343136,12.714942,0.53882307,0.2947066,-4.977582,0.93299073
50559b47e9395f23,read,-0.24478625,-0.12314376,10.940015,-17.511358,-0.3802908,-0.19171427,-0.9379058,11.84708,0.31835696,-0.1154131,5.4124923,6.1773753
fbb8f656885d1c05,read,-0.23994401,0.000211546,10.460072,-18.217428,-0.38710853,-0.05872667,-0.4726977,12.908295,0.28663975,-0.21189366,4.694737,6.0143547
5c5cf9e6afa42e7a,read,-0.03885457,-0.2855242,11.032898,-18.896921,-0.33132586,-0.099544674,-0.1719593,10.47405,0.20169167,-0.14775532,5.647233,5.38733
7a32522a67d80a79,read,-0.25672212,-0.17351276,10.5183735,-17.72349,-0.41021973,-0.23403274,-1.2910626,11.406205,0.27690065,-0.11484278,5.760363,6.070823
44defeaf4ba0fb86,read,-0.26264775,-0.09115212,11.238513,-18.038082,-0.38419753,-0.3686647,-0.34549555,11.844937,0.25666228,-0.18220127,4.8217807,6.141452
43fb2ad3dd425270,edit,0.28538042,0.5672169,7.963408,18.428453,0.43501487,0.007477327,25.154776,-11.266409,-0.44478974,0.037724875,21.491127,-7.6977367
38a590eeefe79b91,edit,0.36535832,0.64434814,7.917005,19.383156,0.4976831,-0.103709236,24.612652,-10.558498,-0.49712205,-0.09944505,20.800924,-7.662515
497d8144f8ca15a8,edit,0.44636986,0.64765257,8.551225,19.24774,0.578651,0.049307983,24.512983,-9.311347,-0.4875758,0.08745795,21.088882,-8.682047
ebca1f1be2bc7c83,edit,0.35604537,0.52241176,8.332132,18.423737,0.41157353,0.04724525,25.695616,-11.069631,-0.44177946,0.13133085,21.734978,-7.975135
a4a1525d8d461e61,edit,0.3318246,0.6423051,7.6517897,18.98568,0.47428352,-0.0674489,24.730225,-11.066026,-0.44485787,-0.0791298,21.060415,-7.55372
4ae979fff009f008,read,-0.5941308,-0.4406438,-11.992852,-2.6090536,-0.4431361,-0.27130044,-12.0538025,-1.8798304,0.52727777,0.14878093,-11.130196,-1.6409135
6cf15c95a8661dca,read,-0.51232255,-0.5258014,-12.455241,-2.1184726,-0.47565916,-0.46641514,-10.853967,-1.8961805,0.54790777,0.17449915,-10.901662,-1.6370004
b05c10477ac90173,read,-0.5904831,-0.48788682,-11.778249,-2.135933,-0.51076955,-0.19268003,-12.215435,-1.4115756,0.5243889,0.13261463,-11.507721,-1.4542089
708b20a2779a1337,read,-0.3975474,-0.57972246,-11.921597,-1.1869302,-0.5282444,-0.10841035,-11.584431,-0.4941707,0.52223426,0.1560437,-10.830685,-0.87825686
f6232f5988b9e070,read,-0.26547006,-0.5998249,-11.913259,-0.7943514,-0.47475037,-0.10875991,-11.365497,-0.09246821,0.5615241,0.3132234,-10.294991,-1.1751802
8c199c55425a5901,read,-0.5718519,-0.50936574,-12.193372,-2.5089326,-0.46676952,-0.30051038,-11.594572,-1.4143714,0.51005274,0.11958209,-11.492837,-1.160972
35ef73e1546a9135,read,-0.5343547,-0.10279425,-18.308517,-0.24876155,-0.75702333,0.275406,-22.190895,9.330836,0.5536427,0.03748503,-4.661704,2.891876
f45fc78888823473,read,-0.30202028,-0.31776464,-17.96554,1.3602953,-0.7732046,0.3545974,-21.79531,7.5638885,0.53517294,0.12222647,-5.064957,2.512595
17981dc2634b159f,read,-0.49506873,-0.11719622,-18.271952,0.27442145,-0.73236156,0.23598954,-22.236822,8.773313,0.5300362,-0.2252667,-4.331533,3.9734285
1e08b61cc672448f,read,-0.44867787,-0.048204526,-18.751728,0.7594293,-0.7326967,0.1487026,-21.16464,9.318664,0.51804507,-0.18896085,-5.06658,4.326415
f4a067659e499862,read,-0.29273072,-0.16047113,-18.718458,1.6173888,-0.7670055,0.047040287,-20.61692,9.271652,0.61269295,-0.061850414,-5.3322377,4.4880843
9ffc5ba125b8946b,read,-0.5095614,-0.04537237,-18.133707,0.24863923,-0.73381686,0.3219663,-22.480907,8.576937,0.5584182,0.031763837,-4.5610194,2.851755
440618f432e79738,edit,0.2300079,0.42576465,-0.9900792,12.2932205,0.66698205,0.18843924,19.163773,-11.626291,-0.6439323,-0.14547463,15.117377,-7.07886
4437c098ccc4abd7,edit,0.41075712,0.290031,0.43780917,11.500658,0.60415214,0.25703886,18.314013,-10.800284,-0.6441693,-0.06421678,14.43058,-6.9934726
39013b3d03dc65b1,edit,0.25055268,0.40286797,-0.7230506,11.927344,0.64674926,0.26645905,18.554186,-11.7237015,-0.6940783,-0.06429008,15.496558,-7.8459187
87acea085eb8884b,edit,0.14678401,0.4329421,-1.1854682,11.204064,0.5698134,0.17241868,19.02582,-12.731281,-0.5930016,-0.11021925,16.054842,-7.477715
96a7065e56cfd2f8,edit,0.12509806,0.43980637,-0.98804754,10.761604,0.50982064,0.13271073,19.269491,-13.273587,-0.5107955,-0.16437672,16.323132,-6.864603
cb9dfc2292935616,edit,0.26513404,0.4222099,-0.16756622,11.841103,0.6708478,0.22505398,19.171328,-11.08473,-0.59658784,-0.22151245,15.261605,-6.3266363
cb1cb453079eea18,read,-0.5639986,0.074734166,-18.352186,-9.083796,-0.17827578,-0.23447493,-8.948798,-8.199815,0.29563797,0.14884947,0.42071155,11.3546915
63ec2c0828dd4117,read,-0.55153155,0.08401516,-17.762373,-9.185664,-0.36364552,-0.25263515,-9.908799,-8.380457,0.34305608,0.027831491,0.32800272,10.9588175
8bbc963ec149cd79,read,-0.5662147,0.091629066,-18.293104,-8.437384,-0.12263627,-0.1972204,-8.563987,-7.6677947,0.25775138,0.06600882,0.57628334,11.908751
b7408e45fa86a259,read,-0.6388377,0.064669944,-17.592909,-8.337254,-0.26167324,-0.58422846,-9.585778,-9.911748,0.29283124,0.06361964,-0.07067207,12.087976
3f00b5f328921fac,read,-0.5844117,0.06863137,-17.426735,-8.198197,-0.22298233,-0.48887488,-9.6574745,-10.1359825,0.23693922,0.13354038,-0.25417382,11.862166
4afe9b6532086003,read,-0.5190716,0.13362326,-18.688019,-8.695315,-0.17550579,-0.012351877,-9.093383,-7.486303,0.31008452,0.14506441,0.35288724,11.480551
05001a5fce06566d,edit,0.4861529,-0.015065677,14.625409,8.293736,0.538358,-0.23374756,18.445858,3.4096758,-0.2587002,0.4731267,0.8471113,-13.939631
4260410b26f8e08a,edit,0.46173018,-0.080409095,14.29234,8.803526,0.39791906,-0.34538147,17.086983,3.6029978,-0.14783284,0.41928288,0.57661307,-13.295816
938f18d3b230c07b,edit,0.5088684,0.01978308,14.947386,8.247176,0.5945095,-0.22921151,18.877796,3.657055,-0.29643294,0.4752551,1.2069087,-14.211721
3cd0c01c0a114a2c,edit,0.6425993,-0.1475675,14.925273,7.0113897,0.6451396,-0.027730739,16.702778,5.007938,-0.33067387,0.39702588,1.5691923,-13.404815
76bd11ccc6c156f9,edit,0.7227249,-0.1403532,15.165855,6.5679007,0.5420063,-0.024236377,16.46212,5.3791404,-0.30637017,0.32307023,1.3927926,-12.849995
a4383ce1065a803b,edit,0.55379605,-0.030206162,14.320919,8.02644,0.55237263,-0.18259564,18.128523,3.3654184,-0.21148326,0.53524476,0.39744067,-14.112215
a955c86d5c7c7983,edit,0.42549965,-0.39860278,12.608281,-7.073516,-0.1383773,0.21116908,8.782188,16.942528,-0.039902978,0.039143953,-18.003529,-8.899365
fdaee0a2a6274b19,edit,0.45658445,-0.40548617,12.123478,-6.7658477,0.030947007,0.32678273,9.941794,17.081915,-0.06304559,0.14983249,-17.750788,-9.490892
2a3435f711053ad4,edit,0.46070933,-0.43905056,12.827201,-6.399467,0.0115055535,0.16805328,8.821799,15.936996,-0.056569234,-0.055818357,-18.461996,-8.456001
03f82b3d5081d3f0,edit,0.5892541,-0.40442437,13.429887,-6.1236997,0.014435168,0.3821254,9.887461,15.998033,-0.15213852,-0.05964234,-18.910624,-9.020052
ed829de37897a8ae,edit,0.62845504,-0.39611337,13.571778,-5.7725143,0.0900729,0.37199995,10.33108,15.6656065,-0.13015287,-0.053418614,-18.956877,-8.863754
3dac282a78234b06,edit,0.46388775,-0.4083723,12.98811,-6.9407268,-0.12730102,0.35522646,8.8146515,16.469088,-0.04630425,-0.011107264,-18.214746,-9.107754
ffd7a1a92f23b552,read,-0.6197838,0.4530412,-26.290169,-3.7009482,-0.388267,-0.5507755,-14.126358,-9.8396435,0.38579687,-0.553377,-2.6708484,16.849577
05d97ae3c92de16a,read,-0.63196725,0.44961068,-26.823956,-3.3404903,-0.32037896,-0.59948546,-13.63401,-9.3207445,0.39268646,-0.49346122,-2.6847231,15.965343
7bb0f34b479bb480,read,-0.60889953,0.4550966,-26.39376,-3.299321,-0.4642261,-0.54349345,-14.576323,-10.33224,0.36242592,-0.58961487,-2.2880292,17.260143
52b04974e355fb0f,read,-0.5553263,0.37135407,-26.7133,-2.5362852,-0.42197067,-0.7030622,-13.081318,-10.912131,0.42940116,-0.42561027,-2.2165084,16.197094
a713e4a8a177eedc,read,-0.4853312,0.32086435,-26.916298,-2.0548646,-0.37957877,-0.66634816,-12.837939,-11.464295,0.4009389,-0.46855035,-2.07458,16.491385
c2fe3d386fc63e96,read,-0.62234426,0.4347789,-26.104795,-3.1708033,-0.41586307,-0.4952309,-14.661617,-9.534099,0.3859441,-0.55121326,-2.9693422,16.810703
990100a21e602e80,edit,0.29777503,-0.14420472,4.6567726,6.7672215,0.21353853,0.109982066,1.7794998,24.198902,-0.18356141,0.5753412,-4.8669834,-18.8994
b779bdab30e6fb2b,edit,0.30298248,-0.26768237,4.1777816,6.3945,0.071623266,0.2994348,1.2612917,23.738077,-0.019566553,0.6790406,-5.4040527,-18.077244
e8a9ed148203922f,edit,0.32335618,-0.15965667,4.719388,6.3034244,0.3145411,0.1074743,2.2451262,23.545067,-0.28549546,0.55331737,-4.24803,-18.997719
eb6f97975f535ec6,edit,0.36335754,-0.202611,5.1318617,5.9332504,0.16473071,0.20123488,3.1050334,24.264503,-0.15899517,0.6468874,-4.5813046,-18.310163
14ca7f0eec549b52,edit,0.36593086,-0.22433715,5.0564146,5.6230235,0.14283894,0.24030377,3.4558673,24.32083,-0.11522803,0.63092303,-4.6960564,-18.111832
e45fda1e0c229c03,edit,0.33461145,-0.15986496,4.7251024,6.7982492,0.281708,0.12007266,2.0681734,23.6236,-0.1798863,0.54064226,-4.635691,-19.185255
98823e9b56e9b7dc,edit,0.7349617,-0.24261133,19.544762,2.3264234,0.61200887,0.35503796,16.734274,-3.7799606,-0.4647097,0.28208238,5.332496,-7.4370956
cf5d5a7473074174,edit,0.78437847,-0.08791011,19.47637,3.0761957,0.6505811,0.06386505,17.715477,-3.355454,-0.49569237,0.3348105,5.109402,-6.917035
fb1c042f6374c04c,edit,0.7184718,-0.27829188,19.573492,1.9615048,0.52250504,0.5074636,15.995382,-4.1684575,-0.34943223,0.20300297,5.35457,-8.141521
34a0aa880cbc3dfb,edit,0.7576932,-0.2523669,18.842155,2.4381316,0.6479696,0.3971279,15.930543,-2.761246,-0.44872472,0.36094412,4.7313423,-8.0433855
63cea380b0436469,edit,0.7432182,-0.24970175,18.66985,2.6890423,0.61046666,0.3087314,15.827193,-2.4516141,-0.41022626,0.45033103,4.331713,-7.921365
1fcb20da2dee48b7,edit,0.7344685,-0.26085958,19.72181,2.3495653,0.57005,0.27853298,16.9032,-4.1348968,-0.46290046,0.38876337,4.8999248,-7.237405
60a2e460b4aed40e,read,-0.7117608,0.29922765,-21.934914,-5.2558093,-0.6669776,0.023166383,-16.234367,7.0283055,0.51616377,-0.49716333,-5.42619,21.612999
42df7c0cede269cb,read,-0.7011337,0.27026388,-21.193026,-4.227146,-0.77172077,0.1133604,-14.79737,8.339854,0.48689285,-0.4988448,-5.4171314,22.162792
f9702435d380389d,read,-0.68123966,0.29783714,-22.51685,-3.812191,-0.71957314,0.09140588,-16.23582,5.9834924,0.4879424,-0.55178493,-4.488079,21.773527
98eefb7e07977f0a,read,-0.68330806,0.33773017,-21.516203,-3.54281,-0.68532795,-0.07592873,-14.343327,7.315776,0.42167062,-0.641321,-4.735474,20.228968
cd7755cc84ec66e5,read,-0.6298473,0.35380292,-21.383549,-2.9937227,-0.5737715,0.05021896,-13.495841,7.2228093,0.37309194,-0.6351504,-4.427582,20.187181
607267b5fbc65e0f,read,-0.68657464,0.33869416,-22.854656,-4.4376283,-0.66047794,0.18958634,-15.257149,5.8737736,0.5265619,-0.49219114,-5.7711225,21.302614
3ca83b61140267e6,read,0.025450375,-0.73183495,-4.1134863,-0.46697488,-0.077328436,0.12297056,-3.047125,5.626276,0.047659494,0.54333544,-0.8935867,-9.292669
d95bdccbd8b4ded4,read,0.18360674,-0.744968,-4.459079,-1.1219511,-0.10560692,0.22936973,-3.8206975,6.026142,-0.005688503,0.40398297,-0.2708646,-8.695777
e8a3813bbf9ccd2d,read,0.01287275,-0.76144254,-4.6055026,-0.40269497,-0.084197775,0.08303954,-2.5212255,5.1618333,0.17287366,0.5534969,-1.4811325,-9.1645155
d039a485d8ac38d8,read,0.084477045,-0.7913925,-5.24328,-0.09437791,-0.13759413,0.13044706,-3.6060402,4.439677,0.050635036,0.65731335,-1.6159831,-8.411975
69a5f659fb509cf8,read,0.13915879,-0.77507156,-5.512398,0.105663635,-0.239249,0.13296096,-3.9392762,4.3017707,0.10721071,0.58760846,-1.4010935,-8.080141
bde563d77343f2a4,read,0.036657356,-0.7539124,-4.217023,-0.5945377,-0.11728066,0.15068015,-2.851391,5.92345,0.029907139,0.5583399,-0.8365463,-9.14767
a9142515c88c3717,edit,0.7696909,0.13361749,14.721163,-0.14922568,0.60646105,0.58549446,10.705313,-3.057182,-0.7006309,-0.33177942,13.514221,16.48366
69c47b6786eb4bef,edit,0.7647144,0.1915619,15.432725,0.16169594,0.40189406,0.65535206,9.637626,-3.1833463,-0.58848804,-0.42546168,13.369112,17.122145
658249e6a72bc16c,edit,0.79289275,0.084091425,15.069031,-0.54849494,0.6584531,0.51757145,11.192569,-3.2210062,-0.72108775,-0.2838089,13.8700285,16.282356
8bc7b787c23edb35,edit,0.85117394,-0.06195556,15.540561,-0.8413915,0.62080485,0.56100035,11.364968,-4.1395073,-0.6875395,-0.27966213,14.27396,16.846142
805adb6e809c1b27,edit,0.8450299,-0.04948608,15.903668,-0.718215,0.5298959,0.4909212,11.497721,-4.5869794,-0.6591573,-0.32406694,14.37753,16.62088
3845602c2926dc63,edit,0.77122474,0.117812894,14.942935,-0.11400456,0.5338457,0.6511126,10.427738,-3.5107148,-0.69728684,-0.31349137,13.32785,16.624746
0bf3a4c4b19721b0,read,-0.71510863,0.2784176,-21.500237,-5.192968,-0.6662857,0.04951072,-15.379601,7.1314597,0.47720072,-0.5682636,-4.730406,21.397774
40f2a5d0f8117dd1,read,-0.7271687,0.22276005,-20.982048,-4.714649,-0.67098135,0.0372697,-15.491761,8.495629,0.4422149,-0.5398506,-4.826337,22.347708
8bc68ba216ebf677,read,-0.68814284,0.28881785,-22.162802,-3.9897323,-0.7261051,0.06254876,-16.276632,6.106732,0.45056164,-0.58857477,-4.072058,21.605074
607e0fadc03d3064,read,-0.6449192,0.36711034,-22.025478,-3.2175198,-0.6180956,0.10399072,-14.1362505,6.9722905,0.3793895,-0.66986233,-3.9476244,20.368185
5a2b0fb3bef77f35,read,-0.7193645,0.2873275,-22.582502,-5.105095,-0.6424259,0.14507821,-15.219343,6.44222,0.4646652,-0.54365045,-5.1220055,21.13979
1b4956072a22f7ba,read,-0.44095722,-0.1761556,-9.563806,0.7154029,0.069078036,0.022652654,-4.351542,0.639875,0.23560563,0.28305554,-2.0041127,-3.1284113
87cc02ed7ab9af7d,read,-0.4221085,-0.1229014,-9.58587,1.0316583,0.18279406,-0.045813404,-4.9566,0.2070532,0.18867658,0.25754216,-2.0046072,-2.808714
70209d3c65daca38,read,-0.35703263,-0.17964916,-9.068465,0.9986238,0.14421399,0.066329055,-3.9495509,1.0749158,0.11801245,0.4070552,-2.2320182,-3.6673856
f563dc531c9565df,read,-0.23402604,-0.3505415,-8.351673,0.33589765,0.09508772,-0.006507439,-4.9366145,1.7531354,0.1692881,0.45702732,-1.886833,-4.197893
8e52ae6e8aed80e3,read,-0.15455101,-0.4108942,-8.00914,0.17914332,0.014506156,0.03194427,-5.074432,2.139294,0.16869907,0.4657568,-1.8666427,-4.3728395
e8badc2d0c36f03b,read,-0.4174797,-0.22688502,-9.357724,0.4605208,0.12982295,0.0032685217,-3.8988714,0.41111672,0.2258128,0.29079446,-1.7962174,-3.0934937
74fe479643a5d29d,read,-0.41132954,0.3069825,-10.173012,4.0207663,0.21843469,0.15744257,-1.8503416,-2.1377048,-0.04571924,-0.35621038,5.1334805,12.277241
6bc84381969a3dfb,read,-0.42220825,0.26217055,-10.7582655,3.8282676,0.24048944,-0.07611936,-2.4678621,-1.1448925,0.024317535,-0.1593045,5.072667,11.409392
9e9a3a1974db6eb5,read,-0.35592878,0.27350053,-10.250153,4.3849945,0.19080369,0.254946,-1.8204273,-2.5084527,-0.14016226,-0.27926603,5.1499586,12.549971
70aaeead91867a08,read,-0.37534156,0.1645078,-11.208121,4.473277,0.037686493,0.23645712,-3.2487774,-2.5423467,0.02409103,-0.30408683,4.566836,12.060449
01a994d008f4a34e,read,-0.37268767,0.055305105,-11.525516,4.36737,0.055700954,0.11825438,-3.6974125,-2.5426073,0.06861831,-0.19428222,4.49097,11.467914
b0b9a7b92827f8f4,read,-0.36119607,0.288079,-10.417073,4.6312156,0.26958042,0.056813795,-1.9234891,-1.6748669,0.08627199,-0.32948217,4.9210806,11.759499
cc11184c055408d2,edit,-0.10104111,-0.40060034,3.80562,-5.4019403,-0.37208503,0.21159047,-7.348974,14.820409,0.21373889,0.13626885,-15.948122,-16.353355
cda5bddbc25e711e,edit,-0.23277986,-0.47990218,2.9765491,-5.9727817,-0.46235713,0.12273194,-7.0248384,14.171767,0.29980493,0.10816456,-16.04488,-17.163557
6413c95925d2e654,edit,-0.10540326,-0.43242052,3.481531,-5.680547,-0.29215938,0.110423446,-7.2815194,15.648919,0.15234834,0.142329,-15.792581,-16.011417
27a82a416421f2fd,edit,-0.21497986,-0.22355945,3.8314567,-6.508093,-0.37407506,0.19002047,-6.01828,15.61218,0.24294408,0.123325795,-15.182204,-16.864002
50b751728fbc4400,edit,-0.24103536,-0.15634902,3.7782273,-6.7674346,-0.40020257,0.07936785,-5.674801,15.706778,0.28286257,0.035558023,-15.235128,-17.119806
4a101b3eb30dc2d8,edit,-0.11112516,-0.40951744,3.3768446,-5.5132422,-0.42318892,0.113573745,-7.4114923,14.899108,0.17595384,0.15871188,-16.140259,-16.490543
8707e4725cad5177,read,-0.20506409,0.31195068,15.777532,-15.365037,0.36398044,-0.518304,5.922081,-20.812992,-0.19869237,-0.3069226,12.04401,1.6916653
d5dde4663b68c47c,read,-0.19950347,0.33386004,16.62472,-15.240431,0.36862427,-0.5582971,5.1205196,-20.900215,-0.120413065,-0.27102196,12.903047,1.2635497
f87333ebefacb38e,read,-0.2042814,0.33103085,16.24547,-15.451283,0.31274354,-0.4768845,6.383526,-20.384272,-0.18857588,-0.32960725,11.71722,1.8871025
a980ea303724e9f8,read,-0.19515446,0.33072487,16.393536,-16.140127,0.23736273,-0.71798617,4.281462,-20.135258,-0.081562996,-0.2757693,12.305688,0.98912054
fa2649f602351bca,read,-0.17172804,0.23689581,16.734228,-16.321533,0.1446398,-0.70224494,3.9508436,-19.89459,-0.037418153,-0.25548902,12.408192,0.8492571
8442de0dcbf855fd,read,-0.20071067,0.3122448,16.088377,-15.24198,0.41717094,-0.4868335,6.023622,-21.146723,-0.22250274,-0.30204934,11.629348,1.4643141
cfdbb6855f4e0278,read,-0.4639698,0.107230924,-5.714641,-9.133426,-0.13862364,-0.8294537,-4.3805676,-20.535847,0.25468868,-0.10470656,-12.234428,5.1647835
15c688d86b10b8ca,read,-0.40724245,-0.010534056,-5.9514737,-8.232178,-0.05163935,-0.8573252,-4.089639,-19.442007,0.24186176,-0.08472496,-12.0647335,4.752776
723ad139f49bd7b5,read,-0.42541167,0.07783011,-6.116976,-9.253133,-0.117465094,-0.7992876,-3.8880558,-21.112513,0.20308879,-0.10436087,-12.897931,5.4462366
6f0b17b8fe4aa015,read,-0.4757565,-0.005641399,-6.626663,-8.6354475,-0.1255186,-0.85973984,-3.2241395,-20.318748,0.28016984,-0.0549164,-13.020797,4.6463165
4af5d32b9ece1af3,read,-0.43655992,-0.040237457,-6.7559013,-8.393907,-0.06043631,-0.82125014,-2.5559826,-20.478184,0.24097013,-0.07025916,-13.244262,4.861178
589888affe46efa9,read,-0.42253685,0.05154957,-5.5246854,-8.737594,-0.16171958,-0.788013,-4.7426534,-19.848808,0.20509535,-0.13338703,-12.516995,5.280545
21308137eeaa5eec,edit,0.10587308,0.38025144,11.108805,16.548899,0.12605448,-0.7550666,-1.627374,-16.15357,-0.15475091,0.17292087,18.045485,-11.93557
eba43cb9f85079ae,edit,0.060738035,0.30149195,11.646268,16.08676,0.0036469856,-0.80490744,-2.1182315,-15.854793,-0.07756868,0.20907813,17.741116,-12.062497
7ef6cc38fbc651ea,edit,0.14838949,0.3631307,11.130082,15.986291,0.19835564,-0.73850983,-1.1877822,-15.763082,-0.18710214,0.23489304,18.481749,-12.297624
932979a8dd68aa97,edit,0.22986391,0.39247838,11.039175,15.375363,0.29786745,-0.6577687,-0.22708853,-15.578128,-0.205261,0.21550128,18.619719,-11.709834
4acb515e09550f19,edit,0.24492286,0.35966098,11.142657,15.0549555,0.25502494,-0.6528558,-0.18673867,-15.236318,-0.20816071,0.22189271,18.775963,-11.653107
96352f111fc1cb76,edit,0.11457007,0.33033213,11.56671,16.46721,0.09762773,-0.7290062,-1.6254785,-15.342747,-0.17759183,0.16017956,17.955412,-11.53588
79e23fc8e30ba971,read,-0.2206247,-0.1889833,10.677533,-15.537776,0.054052293,-0.13374017,4.0152144,12.241658,0.07167865,0.18647893,7.547826,4.591866
23b0a6c204f51cc5,read,-0.29319307,-0.22563002,10.304295,-16.175053,-0.028157115,-0.22004828,4.5785127,13.238425,0.032945372,0.21403874,7.3379636,4.080586
51a8f3c2692e87ec,read,-0.11153278,-0.2157513,10.263708,-15.083774,0.082989044,0.0794322,4.436229,11.447334,-0.020053813,0.24170347,7.978579,4.2285137
0ffba8f414cf7f5a,read,-0.20025039,-0.09283864,9.678186,-15.754318,0.06087687,0.018616017,2.709182,12.957988,-0.0727171,0.08222213,8.1721525,5.0129023
d8a626d44f1e2cc0,read,-0.24633661,-0.021862559,9.409471,-16.110373,-0.040768117,-0.12064592,2.3339577,13.242359,-0.0410405,0.12731665,8.424537,4.82583
5ec432b5ea9d8618,read,-0.19404317,-0.22041373,10.8553705,-15.886072,0.19993241,-0.1617306,4.5310903,12.312716,0.017654832,0.17381352,7.383841,4.532971
